zip,month,prob_transition,verified,cluster,cluster_name
27006,2025-11-30,0.0529955038066539,False,0,competitive_mid_market
27009,2025-11-30,0.6399613720648418,False,0,competitive_mid_market
27011,2025-11-30,0.033349904351135,False,0,competitive_mid_market
27012,2025-11-30,0.0712101333444553,False,0,competitive_mid_market
27013,2025-11-30,0.2146709350234241,False,1,affordable_high_demand
27017,2025-11-30,0.6763711755953745,False,1,affordable_high_demand
27018,2025-11-30,0.0219028209694433,False,2,moderate_supply_growing
27020,2025-11-30,0.3161881169579986,False,2,moderate_supply_growing
27021,2025-11-30,0.160953298566009,False,0,competitive_mid_market
27023,2025-11-30,0.1061671370306769,False,0,competitive_mid_market
27025,2025-11-30,0.0367392143786616,False,0,competitive_mid_market
27027,2025-11-30,0.0910494862886578,False,1,affordable_high_demand
27028,2025-11-30,0.0812556437219175,False,0,competitive_mid_market
27030,2025-11-30,0.0777819164620165,False,2,moderate_supply_growing
27040,2025-11-30,0.0419245014331945,False,0,competitive_mid_market
27041,2025-11-30,0.1219104341474174,False,2,moderate_supply_growing
27043,2025-11-30,0.3180693172385216,False,2,moderate_supply_growing
27045,2025-11-30,0.2228243913582369,False,0,competitive_mid_market
27048,2025-11-30,0.0796112964109027,False,3,low_activity_cooling
27050,2025-11-30,0.1452073313158561,False,0,competitive_mid_market
27051,2025-11-30,0.0998820718752004,False,0,competitive_mid_market
27052,2025-11-30,0.1600577861568899,False,2,moderate_supply_growing
27053,2025-11-30,0.2266903814545475,False,2,moderate_supply_growing
27054,2025-11-30,0.464557527724293,False,2,moderate_supply_growing
27055,2025-11-30,0.1020671353612125,False,0,competitive_mid_market
27101,2025-11-30,0.1535663654046822,False,0,competitive_mid_market
27103,2025-11-30,0.035739020276185,False,0,competitive_mid_market
27104,2025-11-30,0.0575042290822169,False,0,competitive_mid_market
27105,2025-11-30,0.10638990885498,False,1,affordable_high_demand
27106,2025-11-30,0.088146981377102,False,0,competitive_mid_market
27107,2025-11-30,0.0608949871959609,False,0,competitive_mid_market
27127,2025-11-30,0.0463542209298566,False,0,competitive_mid_market
27203,2025-11-30,0.1247780176150876,False,0,competitive_mid_market
27205,2025-11-30,0.1375115741697579,False,0,competitive_mid_market
27214,2025-11-30,0.0480654137123428,False,0,competitive_mid_market
27215,2025-11-30,0.0362188947535268,False,0,competitive_mid_market
27217,2025-11-30,0.0495310766095913,False,1,affordable_high_demand
27233,2025-11-30,0.505907232571111,False,0,competitive_mid_market
27235,2025-11-30,0.2438215665584425,False,0,competitive_mid_market
27239,2025-11-30,0.3843221427640905,False,0,competitive_mid_market
27243,2025-11-30,0.0783419307137507,False,2,moderate_supply_growing
27244,2025-11-30,0.0238401066746635,False,0,competitive_mid_market
27248,2025-11-30,0.3822595966675505,False,2,moderate_supply_growing
27249,2025-11-30,0.186991522253562,False,0,competitive_mid_market
27253,2025-11-30,0.078343478520662,False,0,competitive_mid_market
27258,2025-11-30,0.0661570454536614,False,0,competitive_mid_market
27260,2025-11-30,0.0390012604177312,False,0,competitive_mid_market
27262,2025-11-30,0.0559684030467327,False,0,competitive_mid_market
27263,2025-11-30,0.0718680110827327,False,0,competitive_mid_market
27265,2025-11-30,0.0591223524459216,False,0,competitive_mid_market
27278,2025-11-30,0.0456830833270925,False,0,competitive_mid_market
27281,2025-11-30,0.166264476468568,False,2,moderate_supply_growing
27282,2025-11-30,0.1022360818114528,False,0,competitive_mid_market
27283,2025-11-30,0.027457473864877,False,2,moderate_supply_growing
27284,2025-11-30,0.0929095604321306,False,4,high_value_appreciating
27288,2025-11-30,0.0952342236588993,False,2,moderate_supply_growing
27292,2025-11-30,0.4198809052256484,False,0,competitive_mid_market
27295,2025-11-30,0.2346631054313518,False,0,competitive_mid_market
27298,2025-11-30,0.1632012117013161,False,0,competitive_mid_market
27299,2025-11-30,0.557397726663607,False,1,affordable_high_demand
27301,2025-11-30,0.078187403158608,False,0,competitive_mid_market
27302,2025-11-30,0.1232844825491077,False,0,competitive_mid_market
27310,2025-11-30,0.1052657504584069,False,0,competitive_mid_market
27312,2025-11-30,0.0707084361766096,False,0,competitive_mid_market
27313,2025-11-30,0.0513752796227192,False,0,competitive_mid_market
27316,2025-11-30,0.156338548522518,False,0,competitive_mid_market
27317,2025-11-30,0.0545839754540869,False,0,competitive_mid_market
27320,2025-11-30,0.0793218495592631,False,0,competitive_mid_market
27325,2025-11-30,0.1207161232742507,False,2,moderate_supply_growing
27330,2025-11-30,0.1682488804749535,False,1,affordable_high_demand
27332,2025-11-30,0.1361725771302261,False,1,affordable_high_demand
27343,2025-11-30,0.4896421661673565,False,2,moderate_supply_growing
27344,2025-11-30,0.1412086976092319,False,1,affordable_high_demand
27349,2025-11-30,0.1971467894409828,False,1,affordable_high_demand
27350,2025-11-30,0.0800777960216207,False,0,competitive_mid_market
27357,2025-11-30,0.1079206575947478,False,0,competitive_mid_market
27358,2025-11-30,0.2012997025969316,False,0,competitive_mid_market
27360,2025-11-30,0.1043643936594677,False,0,competitive_mid_market
27370,2025-11-30,0.0932002103883433,False,0,competitive_mid_market
27376,2025-11-30,0.1584604092547332,False,1,affordable_high_demand
27377,2025-11-30,0.1020680263665289,False,0,competitive_mid_market
27401,2025-11-30,0.0558813471003417,False,1,affordable_high_demand
27403,2025-11-30,0.0337683269935991,False,0,competitive_mid_market
27405,2025-11-30,0.0537990572804733,False,0,competitive_mid_market
27406,2025-11-30,0.0211234035807358,False,0,competitive_mid_market
27407,2025-11-30,0.0385788438276859,False,0,competitive_mid_market
27408,2025-11-30,0.0280703178952757,False,0,competitive_mid_market
27409,2025-11-30,0.0637653338177048,False,0,competitive_mid_market
27410,2025-11-30,0.0558544281768402,False,0,competitive_mid_market
27455,2025-11-30,0.0730356913117478,False,0,competitive_mid_market
27501,2025-11-30,0.3405548821069561,False,0,competitive_mid_market
27502,2025-11-30,0.0457542388696939,False,4,high_value_appreciating
27503,2025-11-30,0.2310344882677133,False,0,competitive_mid_market
27504,2025-11-30,0.1024444602373415,False,1,affordable_high_demand
27505,2025-11-30,0.1269805743589564,False,0,competitive_mid_market
27509,2025-11-30,0.0344075467263412,False,1,affordable_high_demand
27510,2025-11-30,0.103389248251834,False,0,competitive_mid_market
27511,2025-11-30,0.0512070415930163,False,0,competitive_mid_market
27513,2025-11-30,0.0298456619638596,False,0,competitive_mid_market
27514,2025-11-30,0.0436131789263954,False,0,competitive_mid_market
27516,2025-11-30,0.0889891079416557,False,0,competitive_mid_market
27517,2025-11-30,0.0716206797225195,False,0,competitive_mid_market
27518,2025-11-30,0.0349145871329599,False,0,competitive_mid_market
27519,2025-11-30,0.0758853471537382,False,4,high_value_appreciating
27520,2025-11-30,0.1833831842414903,False,4,high_value_appreciating
27521,2025-11-30,0.183957676956761,False,1,affordable_high_demand
27522,2025-11-30,0.0662830778611622,False,1,affordable_high_demand
27523,2025-11-30,0.3189613858013853,False,0,competitive_mid_market
27524,2025-11-30,0.1066837686142878,False,1,affordable_high_demand
27525,2025-11-30,0.2942507575870642,False,0,competitive_mid_market
27526,2025-11-30,0.0737255659015831,False,4,high_value_appreciating
27527,2025-11-30,0.2333645392119392,False,4,high_value_appreciating
27529,2025-11-30,0.0965558591323875,False,4,high_value_appreciating
27530,2025-11-30,0.0762865397178314,False,0,competitive_mid_market
27534,2025-11-30,0.0481796251329923,False,0,competitive_mid_market
27536,2025-11-30,0.4312760000789774,False,1,affordable_high_demand
27537,2025-11-30,0.1537762113027588,False,2,moderate_supply_growing
27539,2025-11-30,0.0815439699389786,False,0,competitive_mid_market
27540,2025-11-30,0.0639311835789328,False,4,high_value_appreciating
27542,2025-11-30,0.0350737002625001,False,1,affordable_high_demand
27545,2025-11-30,0.0780067468297589,False,0,competitive_mid_market
27546,2025-11-30,0.162783375770411,False,0,competitive_mid_market
27549,2025-11-30,0.0999961524354534,False,0,competitive_mid_market
27557,2025-11-30,0.1400498554669297,False,1,affordable_high_demand
27560,2025-11-30,0.040330872530232,False,0,competitive_mid_market
27562,2025-11-30,0.1389410687276562,False,0,competitive_mid_market
27565,2025-11-30,0.0561768514850518,False,0,competitive_mid_market
27569,2025-11-30,0.0900059491248648,False,2,moderate_supply_growing
27571,2025-11-30,0.0709846517234924,False,0,competitive_mid_market
27572,2025-11-30,0.1434037222060366,False,0,competitive_mid_market
27573,2025-11-30,0.3766629445983191,False,2,moderate_supply_growing
27574,2025-11-30,0.4611737115841886,False,2,moderate_supply_growing
27576,2025-11-30,0.2399686458274472,False,1,affordable_high_demand
27577,2025-11-30,0.1118414139071481,False,1,affordable_high_demand
27581,2025-11-30,0.5188519341008387,False,0,competitive_mid_market
27583,2025-11-30,0.3531077922191955,False,0,competitive_mid_market
27587,2025-11-30,0.0856538901037218,False,4,high_value_appreciating
27591,2025-11-30,0.2083212821229686,False,0,competitive_mid_market
27592,2025-11-30,0.1121155155409321,False,0,competitive_mid_market
27596,2025-11-30,0.2097580791059745,False,0,competitive_mid_market
27597,2025-11-30,0.1861913982112372,False,0,competitive_mid_market
27601,2025-11-30,0.1394190296412356,False,3,low_activity_cooling
27603,2025-11-30,0.0665344126392225,False,0,competitive_mid_market
27604,2025-11-30,0.061695947882798,False,0,competitive_mid_market
27605,2025-11-30,0.1393330825042038,False,3,low_activity_cooling
27606,2025-11-30,0.0949781543930936,False,0,competitive_mid_market
27607,2025-11-30,0.2500119167582619,False,0,competitive_mid_market
27608,2025-11-30,0.0598831300684876,False,0,competitive_mid_market
27609,2025-11-30,0.0333844756354995,False,0,competitive_mid_market
27610,2025-11-30,0.1568354308628762,False,4,high_value_appreciating
27612,2025-11-30,0.0513399842319924,False,0,competitive_mid_market
27613,2025-11-30,0.0205497470705987,False,0,competitive_mid_market
27614,2025-11-30,0.1002097076801404,False,0,competitive_mid_market
27615,2025-11-30,0.0325023695547621,False,0,competitive_mid_market
27616,2025-11-30,0.0898640840608863,False,0,competitive_mid_market
27617,2025-11-30,0.0795264921573197,False,0,competitive_mid_market
27701,2025-11-30,0.0802228370341819,False,0,competitive_mid_market
27703,2025-11-30,0.116236991841771,False,4,high_value_appreciating
27704,2025-11-30,0.0877420395196108,False,0,competitive_mid_market
27705,2025-11-30,0.0408041981338481,False,0,competitive_mid_market
27707,2025-11-30,0.0629817536675543,False,0,competitive_mid_market
27712,2025-11-30,0.0763632076604243,False,0,competitive_mid_market
27713,2025-11-30,0.0947627500735589,False,0,competitive_mid_market
27801,2025-11-30,0.2462712603735023,False,1,affordable_high_demand
27803,2025-11-30,0.0836704391413862,False,1,affordable_high_demand
27804,2025-11-30,0.0791871262227783,False,1,affordable_high_demand
27806,2025-11-30,0.0722294921955849,False,2,moderate_supply_growing
27807,2025-11-30,0.1269382719877739,False,1,affordable_high_demand
27808,2025-11-30,0.1187565571178054,False,2,moderate_supply_growing
27817,2025-11-30,0.0570489248072032,False,2,moderate_supply_growing
27822,2025-11-30,0.0880544896905687,False,1,affordable_high_demand
27828,2025-11-30,0.126356675892478,False,1,affordable_high_demand
27830,2025-11-30,0.1025819915669948,False,3,low_activity_cooling
27834,2025-11-30,0.0621119035563806,False,1,affordable_high_demand
27837,2025-11-30,0.090330758174522,False,0,competitive_mid_market
27851,2025-11-30,0.0244635158798605,False,1,affordable_high_demand
27856,2025-11-30,0.0699238198347212,False,0,competitive_mid_market
27858,2025-11-30,0.1279032752307765,False,0,competitive_mid_market
27863,2025-11-30,0.1009681532416814,False,0,competitive_mid_market
27870,2025-11-30,0.4743536890768935,False,2,moderate_supply_growing
27880,2025-11-30,0.0907831215601734,False,2,moderate_supply_growing
27882,2025-11-30,0.088416833079947,False,1,affordable_high_demand
27883,2025-11-30,0.0287560546858155,False,2,moderate_supply_growing
27886,2025-11-30,0.1845963810507407,False,2,moderate_supply_growing
27889,2025-11-30,0.1402553776852194,False,1,affordable_high_demand
27891,2025-11-30,0.1765583000600849,False,1,affordable_high_demand
27893,2025-11-30,0.0383462500174803,False,1,affordable_high_demand
27896,2025-11-30,0.0309674732233082,False,0,competitive_mid_market
27909,2025-11-30,0.0611281767079278,False,0,competitive_mid_market
27916,2025-11-30,0.7735802666571242,False,2,moderate_supply_growing
27921,2025-11-30,0.0817127432787031,False,2,moderate_supply_growing
27927,2025-11-30,0.1872929521951661,False,1,affordable_high_demand
27929,2025-11-30,0.2626033936365415,False,2,moderate_supply_growing
27939,2025-11-30,0.3664525948914044,False,1,affordable_high_demand
27944,2025-11-30,0.3067152031350472,False,2,moderate_supply_growing
27948,2025-11-30,0.1509838471749183,False,1,affordable_high_demand
27949,2025-11-30,0.1519644230507832,False,1,affordable_high_demand
27950,2025-11-30,0.0896546381862276,False,2,moderate_supply_growing
27954,2025-11-30,0.1561387703879992,False,2,moderate_supply_growing
27958,2025-11-30,0.0788687817724142,False,0,competitive_mid_market
27959,2025-11-30,0.0996335943514002,False,2,moderate_supply_growing
27973,2025-11-30,0.0807391622689955,False,2,moderate_supply_growing
27976,2025-11-30,0.1974466473150528,False,2,moderate_supply_growing
28001,2025-11-30,0.0667738163326929,False,1,affordable_high_demand
28012,2025-11-30,0.1439739556725652,False,0,competitive_mid_market
28016,2025-11-30,0.118227717998839,False,1,affordable_high_demand
28018,2025-11-30,0.7684929964527732,False,0,competitive_mid_market
28021,2025-11-30,0.2204843042619106,False,1,affordable_high_demand
28023,2025-11-30,0.1594487809809319,False,1,affordable_high_demand
28025,2025-11-30,0.1043072367289041,False,4,high_value_appreciating
28027,2025-11-30,0.1356979465303048,False,4,high_value_appreciating
28031,2025-11-30,0.1016531216276349,False,0,competitive_mid_market
28032,2025-11-30,0.1795643628948514,False,0,competitive_mid_market
28033,2025-11-30,0.140448099636906,False,1,affordable_high_demand
28034,2025-11-30,0.1301123480917111,False,1,affordable_high_demand
28036,2025-11-30,0.1160166655391696,False,0,competitive_mid_market
28037,2025-11-30,0.1349073151072259,False,0,competitive_mid_market
28040,2025-11-30,0.3512868024387213,False,2,moderate_supply_growing
28043,2025-11-30,0.4155983501299553,False,0,competitive_mid_market
28052,2025-11-30,0.3215269903960868,False,1,affordable_high_demand
28054,2025-11-30,0.0974859771563211,False,1,affordable_high_demand
28056,2025-11-30,0.1902448189753297,False,0,competitive_mid_market
28075,2025-11-30,0.1033345700006782,False,0,competitive_mid_market
28078,2025-11-30,0.1093475989398293,False,4,high_value_appreciating
28079,2025-11-30,0.2137511829052193,False,0,competitive_mid_market
28080,2025-11-30,0.2557174320407645,False,2,moderate_supply_growing
28081,2025-11-30,0.0834933098863223,False,1,affordable_high_demand
28083,2025-11-30,0.1132750078832499,False,1,affordable_high_demand
28086,2025-11-30,0.0630722046124059,False,1,affordable_high_demand
28088,2025-11-30,0.1506350847852361,False,1,affordable_high_demand
28092,2025-11-30,0.1830298119024463,False,1,affordable_high_demand
28097,2025-11-30,0.5658471457431797,False,1,affordable_high_demand
28098,2025-11-30,0.119725678189761,False,1,affordable_high_demand
28103,2025-11-30,0.0645324074744119,False,2,moderate_supply_growing
28104,2025-11-30,0.0978899759293707,False,0,competitive_mid_market
28105,2025-11-30,0.0813465281940753,False,0,competitive_mid_market
28107,2025-11-30,0.0580507764335804,False,0,competitive_mid_market
28110,2025-11-30,0.1949238935060279,False,4,high_value_appreciating
28112,2025-11-30,0.1731471778003172,False,0,competitive_mid_market
28114,2025-11-30,0.359364601576763,False,2,moderate_supply_growing
28115,2025-11-30,0.1614938651676325,False,4,high_value_appreciating
28117,2025-11-30,0.1395272992297146,False,4,high_value_appreciating
28120,2025-11-30,0.0940805554529242,False,0,competitive_mid_market
28124,2025-11-30,0.1233988315064203,False,1,affordable_high_demand
28125,2025-11-30,0.6664733936020293,False,2,moderate_supply_growing
28127,2025-11-30,0.0447526575087438,False,2,moderate_supply_growing
28128,2025-11-30,0.0597391101397032,False,2,moderate_supply_growing
28129,2025-11-30,0.2978653002324928,False,1,affordable_high_demand
28133,2025-11-30,0.1808994139820569,False,1,affordable_high_demand
28134,2025-11-30,0.0598990465785135,False,0,competitive_mid_market
28137,2025-11-30,0.3360417715529078,False,1,affordable_high_demand
28138,2025-11-30,0.1006477449766057,False,1,affordable_high_demand
28139,2025-11-30,0.2557995025374901,False,2,moderate_supply_growing
28144,2025-11-30,0.1790683366151486,False,1,affordable_high_demand
28146,2025-11-30,0.2842147760594823,False,0,competitive_mid_market
28147,2025-11-30,0.1614777898975572,False,0,competitive_mid_market
28159,2025-11-30,0.1193271425723548,False,1,affordable_high_demand
28160,2025-11-30,0.3686031702896618,False,1,affordable_high_demand
28163,2025-11-30,0.2418541440823331,False,1,affordable_high_demand
28164,2025-11-30,0.170457733477805,False,0,competitive_mid_market
28166,2025-11-30,0.1496447209194678,False,2,moderate_supply_growing
28167,2025-11-30,0.7526850994742387,False,2,moderate_supply_growing
28168,2025-11-30,0.1688329148168275,False,1,affordable_high_demand
28170,2025-11-30,0.202486956950919,False,1,affordable_high_demand
28173,2025-11-30,0.1390039632500226,False,4,high_value_appreciating
28174,2025-11-30,0.1085117343434847,False,1,affordable_high_demand
28202,2025-11-30,0.2165867598968617,False,3,low_activity_cooling
28203,2025-11-30,0.0427845871038823,False,0,competitive_mid_market
28204,2025-11-30,0.1608027188636122,False,3,low_activity_cooling
28205,2025-11-30,0.0491943072439774,False,4,high_value_appreciating
28206,2025-11-30,0.0784876330434921,False,1,affordable_high_demand
28207,2025-11-30,0.1463588114630293,False,0,competitive_mid_market
28208,2025-11-30,0.2094889072165661,False,1,affordable_high_demand
28209,2025-11-30,0.0701793345949797,False,0,competitive_mid_market
28210,2025-11-30,0.0706544977609864,False,0,competitive_mid_market
28211,2025-11-30,0.0774646771897369,False,0,competitive_mid_market
28212,2025-11-30,0.1293140399270987,False,1,affordable_high_demand
28213,2025-11-30,0.1283494488923569,False,0,competitive_mid_market
28214,2025-11-30,0.066885282977827,False,4,high_value_appreciating
28215,2025-11-30,0.1687328719953965,False,4,high_value_appreciating
28216,2025-11-30,0.1000634081777714,False,1,affordable_high_demand
28217,2025-11-30,0.1777646456825524,False,1,affordable_high_demand
28226,2025-11-30,0.0706037291105975,False,0,competitive_mid_market
28227,2025-11-30,0.0868705633820534,False,4,high_value_appreciating
28262,2025-11-30,0.0937555058561983,False,1,affordable_high_demand
28269,2025-11-30,0.1098259742160008,False,4,high_value_appreciating
28270,2025-11-30,0.0815844289241673,False,0,competitive_mid_market
28273,2025-11-30,0.1320807401748304,False,0,competitive_mid_market
28277,2025-11-30,0.0970030389354708,False,4,high_value_appreciating
28278,2025-11-30,0.1471392381580926,False,4,high_value_appreciating
28301,2025-11-30,0.0394563754675489,False,1,affordable_high_demand
28303,2025-11-30,0.0516726353347589,False,1,affordable_high_demand
28304,2025-11-30,0.0404473846688104,False,1,affordable_high_demand
28305,2025-11-30,0.0609906705024499,False,2,moderate_supply_growing
28306,2025-11-30,0.0432566681763242,False,0,competitive_mid_market
28311,2025-11-30,0.0459099573150011,False,0,competitive_mid_market
28312,2025-11-30,0.1080188807097251,False,0,competitive_mid_market
28314,2025-11-30,0.052416712007458,False,4,high_value_appreciating
28315,2025-11-30,0.227291755511375,False,1,affordable_high_demand
28323,2025-11-30,0.0871333730486177,False,0,competitive_mid_market
28326,2025-11-30,0.1145060705046351,False,0,competitive_mid_market
28327,2025-11-30,0.0375232896638155,False,1,affordable_high_demand
28333,2025-11-30,0.3328370890550377,False,2,moderate_supply_growing
28339,2025-11-30,0.181978810333893,False,1,affordable_high_demand
28345,2025-11-30,0.5128962953126819,False,2,moderate_supply_growing
28348,2025-11-30,0.0699964906307731,False,0,competitive_mid_market
28352,2025-11-30,0.0671383399644019,False,1,affordable_high_demand
28356,2025-11-30,0.034050898867639,False,0,competitive_mid_market
28357,2025-11-30,0.3346041684722424,False,2,moderate_supply_growing
28358,2025-11-30,0.1872967868963284,False,2,moderate_supply_growing
28360,2025-11-30,0.0536411995609257,False,2,moderate_supply_growing
28364,2025-11-30,0.4453394891351244,False,2,moderate_supply_growing
28371,2025-11-30,0.1351002185449295,False,1,affordable_high_demand
28374,2025-11-30,0.2165383029280525,False,0,competitive_mid_market
28376,2025-11-30,0.196870206210111,False,4,high_value_appreciating
28377,2025-11-30,0.5284914992145718,False,2,moderate_supply_growing
28379,2025-11-30,0.3026168360674198,False,3,low_activity_cooling
28384,2025-11-30,0.1847457335923724,False,1,affordable_high_demand
28387,2025-11-30,0.137927770662238,False,0,competitive_mid_market
28390,2025-11-30,0.0552345517150782,False,0,competitive_mid_market
28391,2025-11-30,0.0739027273998494,False,2,moderate_supply_growing
28394,2025-11-30,0.2187833329473953,False,2,moderate_supply_growing
28395,2025-11-30,0.6416984077196731,False,2,moderate_supply_growing
28396,2025-11-30,0.4145184382579794,False,2,moderate_supply_growing
28401,2025-11-30,0.0745612572537712,False,1,affordable_high_demand
28403,2025-11-30,0.0635177445388445,False,0,competitive_mid_market
28405,2025-11-30,0.0931044090991571,False,0,competitive_mid_market
28409,2025-11-30,0.0737358072977727,False,4,high_value_appreciating
28411,2025-11-30,0.1175890575199609,False,4,high_value_appreciating
28412,2025-11-30,0.1894847701529317,False,4,high_value_appreciating
28422,2025-11-30,0.1328464489992689,False,2,moderate_supply_growing
28425,2025-11-30,0.1739118224343153,False,1,affordable_high_demand
28428,2025-11-30,0.206109286581116,False,1,affordable_high_demand
28429,2025-11-30,0.0537429947609573,False,0,competitive_mid_market
28443,2025-11-30,0.3340162967007875,False,4,high_value_appreciating
28445,2025-11-30,0.173496165049388,False,1,affordable_high_demand
28449,2025-11-30,0.1627372044011892,False,1,affordable_high_demand
28451,2025-11-30,0.4022076836992266,False,4,high_value_appreciating
28454,2025-11-30,0.1838409230620267,False,0,competitive_mid_market
28457,2025-11-30,0.3606984329860338,False,0,competitive_mid_market
28460,2025-11-30,0.1002962679061901,False,4,high_value_appreciating
28461,2025-11-30,0.1030935344002445,False,4,high_value_appreciating
28462,2025-11-30,0.2390388950883943,False,1,affordable_high_demand
28465,2025-11-30,0.1910202685951248,False,1,affordable_high_demand
28467,2025-11-30,0.0617422850471493,False,4,high_value_appreciating
28468,2025-11-30,0.2202765347433816,False,2,moderate_supply_growing
28469,2025-11-30,0.3937847344642807,False,1,affordable_high_demand
28470,2025-11-30,0.4213156316807463,False,2,moderate_supply_growing
28478,2025-11-30,0.0434810472760646,False,1,affordable_high_demand
28479,2025-11-30,0.0770273110298146,False,2,moderate_supply_growing
28480,2025-11-30,0.4875697947193002,False,1,affordable_high_demand
28501,2025-11-30,0.279755558584399,False,1,affordable_high_demand
28504,2025-11-30,0.0870732068873497,False,1,affordable_high_demand
28510,2025-11-30,0.7648015875184472,False,2,moderate_supply_growing
28512,2025-11-30,0.1341229952773356,False,1,affordable_high_demand
28513,2025-11-30,0.0623464440851057,False,1,affordable_high_demand
28516,2025-11-30,0.2452945392727292,False,2,moderate_supply_growing
28530,2025-11-30,0.1244958154948924,False,1,affordable_high_demand
28531,2025-11-30,0.8922433585586498,False,2,moderate_supply_growing
28532,2025-11-30,0.1779409948671344,False,0,competitive_mid_market
28539,2025-11-30,0.1399256339454494,False,0,competitive_mid_market
28540,2025-11-30,0.0759638715252993,False,4,high_value_appreciating
28544,2025-11-30,0.026394647055001,False,0,competitive_mid_market
28546,2025-11-30,0.1375218338439844,False,4,high_value_appreciating
28551,2025-11-30,0.6558051289448753,False,2,moderate_supply_growing
28555,2025-11-30,0.0922621614446655,False,1,affordable_high_demand
28557,2025-11-30,0.1037878123141281,False,0,competitive_mid_market
28560,2025-11-30,0.1665808541513768,False,4,high_value_appreciating
28562,2025-11-30,0.346763602653508,False,4,high_value_appreciating
28570,2025-11-30,0.0501178648654598,False,2,moderate_supply_growing
28571,2025-11-30,0.3734647561859713,False,2,moderate_supply_growing
28573,2025-11-30,0.3053725276915777,False,2,moderate_supply_growing
28574,2025-11-30,0.1426832019415508,False,0,competitive_mid_market
28582,2025-11-30,0.1198493630052841,False,2,moderate_supply_growing
28584,2025-11-30,0.2225362866210805,False,2,moderate_supply_growing
28585,2025-11-30,0.4754816203546259,False,2,moderate_supply_growing
28586,2025-11-30,0.2253673448372421,False,2,moderate_supply_growing
28590,2025-11-30,0.0697346075682674,False,0,competitive_mid_market
28594,2025-11-30,0.3424685400592219,False,1,affordable_high_demand
28601,2025-11-30,0.158474896771732,False,0,competitive_mid_market
28602,2025-11-30,0.1135468328269626,False,1,affordable_high_demand
28604,2025-11-30,0.1836768979728152,False,1,affordable_high_demand
28605,2025-11-30,0.1411515684957336,False,1,affordable_high_demand
28607,2025-11-30,0.1546843339345055,False,1,affordable_high_demand
28613,2025-11-30,0.1238492156129179,False,1,affordable_high_demand
28618,2025-11-30,0.3461909653489373,False,1,affordable_high_demand
28621,2025-11-30,0.1832738315476088,False,1,affordable_high_demand
28624,2025-11-30,0.5409301497550346,False,2,moderate_supply_growing
28625,2025-11-30,0.1421422312064442,False,0,competitive_mid_market
28634,2025-11-30,0.1736734917675263,False,2,moderate_supply_growing
28636,2025-11-30,0.2078777447261773,False,2,moderate_supply_growing
28642,2025-11-30,0.4724904990820734,False,2,moderate_supply_growing
28645,2025-11-30,0.0674213551074083,False,1,affordable_high_demand
28650,2025-11-30,0.2086291852711887,False,1,affordable_high_demand
28651,2025-11-30,0.050754304782539,False,2,moderate_supply_growing
28654,2025-11-30,0.3615121647499074,False,2,moderate_supply_growing
28655,2025-11-30,0.1402532313693355,False,1,affordable_high_demand
28658,2025-11-30,0.1285156241713672,False,1,affordable_high_demand
28659,2025-11-30,0.0891305241336451,False,0,competitive_mid_market
28660,2025-11-30,0.9026292730479658,False,2,moderate_supply_growing
28665,2025-11-30,0.0524133145643212,False,1,affordable_high_demand
28670,2025-11-30,0.0781800741256066,False,2,moderate_supply_growing
28676,2025-11-30,0.1173440153194807,False,2,moderate_supply_growing
28677,2025-11-30,0.1734755546721261,False,1,affordable_high_demand
28678,2025-11-30,0.0868678464724141,False,1,affordable_high_demand
28679,2025-11-30,0.6459875483693185,False,2,moderate_supply_growing
28681,2025-11-30,0.4137046502967262,False,0,competitive_mid_market
28683,2025-11-30,0.3720377589901877,False,2,moderate_supply_growing
28692,2025-11-30,0.3002917668427186,False,1,affordable_high_demand
28697,2025-11-30,0.4602429747611959,False,2,moderate_supply_growing
28698,2025-11-30,0.2017459651342316,False,1,affordable_high_demand
28701,2025-11-30,0.0970598015667815,False,2,moderate_supply_growing
28704,2025-11-30,0.0779075577092133,False,0,competitive_mid_market
28711,2025-11-30,0.1313183527044108,False,0,competitive_mid_market
28712,2025-11-30,0.2465284820672123,False,1,affordable_high_demand
28713,2025-11-30,0.3450932835160892,False,2,moderate_supply_growing
28715,2025-11-30,0.0955163396960432,False,0,competitive_mid_market
28716,2025-11-30,0.0956741550316359,False,2,moderate_supply_growing
28717,2025-11-30,0.2056519601842739,False,1,affordable_high_demand
28721,2025-11-30,0.1006376773201192,False,2,moderate_supply_growing
28723,2025-11-30,0.1803484085056917,False,2,moderate_supply_growing
28726,2025-11-30,0.098058840432409,False,1,affordable_high_demand
28729,2025-11-30,0.1033329764171514,False,0,competitive_mid_market
28730,2025-11-30,0.2241941531573742,False,2,moderate_supply_growing
28731,2025-11-30,0.0793203776828223,False,2,moderate_supply_growing
28732,2025-11-30,0.0944399201808141,False,0,competitive_mid_market
28736,2025-11-30,0.4271812855226908,False,1,affordable_high_demand
28739,2025-11-30,0.0955831263312481,False,0,competitive_mid_market
28742,2025-11-30,0.0884653529152967,False,2,moderate_supply_growing
28743,2025-11-30,0.1406517133214554,False,2,moderate_supply_growing
28746,2025-11-30,0.1938517337873858,False,1,affordable_high_demand
28747,2025-11-30,0.06975085340415,False,1,affordable_high_demand
28748,2025-11-30,0.2375710447280356,False,2,moderate_supply_growing
28751,2025-11-30,0.1542090176989664,False,1,affordable_high_demand
28752,2025-11-30,0.1127320532057551,False,2,moderate_supply_growing
28753,2025-11-30,0.0500657750633034,False,2,moderate_supply_growing
28754,2025-11-30,0.2486636973162056,False,2,moderate_supply_growing
28759,2025-11-30,0.0758524760378365,False,2,moderate_supply_growing
28761,2025-11-30,0.0903256754339007,False,2,moderate_supply_growing
28762,2025-11-30,0.1280026359652693,False,2,moderate_supply_growing
28774,2025-11-30,0.4599930622992099,False,1,affordable_high_demand
28778,2025-11-30,0.0986120357446263,False,0,competitive_mid_market
28779,2025-11-30,0.2126474374973886,False,2,moderate_supply_growing
28783,2025-11-30,0.7671835458535706,False,2,moderate_supply_growing
28785,2025-11-30,0.2258028326008575,False,1,affordable_high_demand
28786,2025-11-30,0.0894147115230261,False,1,affordable_high_demand
28787,2025-11-30,0.1438282681430845,False,0,competitive_mid_market
28789,2025-11-30,0.096707863389726,False,2,moderate_supply_growing
28790,2025-11-30,0.3405202504218675,False,2,moderate_supply_growing
28791,2025-11-30,0.1333463390001526,False,0,competitive_mid_market
28792,2025-11-30,0.0948366813180977,False,0,competitive_mid_market
28801,2025-11-30,0.1882479971829978,False,2,moderate_supply_growing
28803,2025-11-30,0.0687235979384731,False,0,competitive_mid_market
28804,2025-11-30,0.1038245965958995,False,0,competitive_mid_market
28805,2025-11-30,0.2066268144943798,False,0,competitive_mid_market
28806,2025-11-30,0.1148036677537926,False,0,competitive_mid_market
29006,2025-11-30,0.2868128402817961,False,2,moderate_supply_growing
29040,2025-11-30,0.0277037522804055,False,0,competitive_mid_market
29048,2025-11-30,0.7696663673216102,False,2,moderate_supply_growing
29055,2025-11-30,0.4108657920913559,False,2,moderate_supply_growing
29058,2025-11-30,0.0654784429757932,False,2,moderate_supply_growing
29059,2025-11-30,0.2482701490603575,False,2,moderate_supply_growing
29067,2025-11-30,0.0668776084306437,False,3,low_activity_cooling
29102,2025-11-30,0.1330765745226507,False,3,low_activity_cooling
29108,2025-11-30,0.0946271680591444,False,3,low_activity_cooling
29112,2025-11-30,0.6902737774898955,False,3,low_activity_cooling
29115,2025-11-30,0.3893128995628631,False,3,low_activity_cooling
29118,2025-11-30,0.0935289686690571,False,2,moderate_supply_growing
29127,2025-11-30,0.0626256534881002,False,2,moderate_supply_growing
29129,2025-11-30,0.2666798465161921,False,2,moderate_supply_growing
29142,2025-11-30,0.1319712902845808,False,2,moderate_supply_growing
29148,2025-11-30,0.125495376353707,False,2,moderate_supply_growing
29150,2025-11-30,0.1566888167331882,False,3,low_activity_cooling
29153,2025-11-30,0.0651887403814833,False,3,low_activity_cooling
29154,2025-11-30,0.0428980488178095,False,0,competitive_mid_market
29161,2025-11-30,0.853172436115407,False,2,moderate_supply_growing
29164,2025-11-30,0.3048313752121376,False,3,low_activity_cooling
29301,2025-11-30,0.2774100185035827,False,0,competitive_mid_market
29302,2025-11-30,0.1583406170407475,False,0,competitive_mid_market
29303,2025-11-30,0.1459724016344384,False,1,affordable_high_demand
29306,2025-11-30,0.0722463661272576,False,1,affordable_high_demand
29307,2025-11-30,0.2154321168448011,False,0,competitive_mid_market
29316,2025-11-30,0.2608816030759377,False,4,high_value_appreciating
29322,2025-11-30,0.2568653026003025,False,1,affordable_high_demand
29323,2025-11-30,0.3295447579647341,False,2,moderate_supply_growing
29325,2025-11-30,0.7941819430662422,False,3,low_activity_cooling
29330,2025-11-30,0.1369378785996934,False,2,moderate_supply_growing
29332,2025-11-30,0.0853928726516605,False,3,low_activity_cooling
29334,2025-11-30,0.1345256770373965,False,0,competitive_mid_market
29335,2025-11-30,0.2244653446394434,False,2,moderate_supply_growing
29340,2025-11-30,0.0556093270805809,False,3,low_activity_cooling
29341,2025-11-30,0.1700636924136466,False,3,low_activity_cooling
29349,2025-11-30,0.2463136890550496,False,4,high_value_appreciating
29356,2025-11-30,0.171784490892221,False,2,moderate_supply_growing
29360,2025-11-30,0.1826559194314669,False,3,low_activity_cooling
29365,2025-11-30,0.1914316051143901,False,0,competitive_mid_market
29369,2025-11-30,0.1805679227095273,False,0,competitive_mid_market
29372,2025-11-30,0.4417575619237978,False,1,affordable_high_demand
29376,2025-11-30,0.1018799896177819,False,2,moderate_supply_growing
29379,2025-11-30,0.1108021732633816,False,2,moderate_supply_growing
29384,2025-11-30,0.5790979274132327,False,3,low_activity_cooling
29385,2025-11-30,0.1709528466207816,False,1,affordable_high_demand
29388,2025-11-30,0.0902765686267274,False,1,affordable_high_demand
29401,2025-11-30,0.2514187143712181,False,2,moderate_supply_growing
29403,2025-11-30,0.217091718866557,False,2,moderate_supply_growing
29405,2025-11-30,0.0919138494366586,False,1,affordable_high_demand
29406,2025-11-30,0.0948989687828249,False,1,affordable_high_demand
29407,2025-11-30,0.1321128402359328,False,0,competitive_mid_market
29410,2025-11-30,0.1024107553926059,False,0,competitive_mid_market
29412,2025-11-30,0.2574370492623054,False,4,high_value_appreciating
29414,2025-11-30,0.0961861160377968,False,4,high_value_appreciating
29418,2025-11-30,0.0824699866301447,False,0,competitive_mid_market
29420,2025-11-30,0.088636377505835,False,0,competitive_mid_market
29429,2025-11-30,0.1587673812406107,False,2,moderate_supply_growing
29431,2025-11-30,0.6907147641133066,False,2,moderate_supply_growing
29438,2025-11-30,0.0960369211067956,False,1,affordable_high_demand
29440,2025-11-30,0.1168013903017163,False,2,moderate_supply_growing
29445,2025-11-30,0.094890186659216,False,4,high_value_appreciating
29449,2025-11-30,0.1346596510656353,False,2,moderate_supply_growing
29450,2025-11-30,0.1129472009456252,False,2,moderate_supply_growing
29451,2025-11-30,0.3538166034267737,False,1,affordable_high_demand
29455,2025-11-30,0.0957497610878291,False,4,high_value_appreciating
29456,2025-11-30,0.0649068789257608,False,0,competitive_mid_market
29458,2025-11-30,0.2133096351588543,False,1,affordable_high_demand
29461,2025-11-30,0.1266886557437123,False,4,high_value_appreciating
29464,2025-11-30,0.1253659064751464,False,4,high_value_appreciating
29466,2025-11-30,0.1424144461902289,False,4,high_value_appreciating
29470,2025-11-30,0.40623759795993,False,1,affordable_high_demand
29472,2025-11-30,0.1758616077808226,False,2,moderate_supply_growing
29477,2025-11-30,0.2347525279590775,False,2,moderate_supply_growing
29479,2025-11-30,0.847063880560226,False,3,low_activity_cooling
29482,2025-11-30,0.4019932511456484,False,1,affordable_high_demand
29483,2025-11-30,0.16044594361825,False,4,high_value_appreciating
29485,2025-11-30,0.1792849527405062,False,4,high_value_appreciating
29492,2025-11-30,0.1285223221425523,False,1,affordable_high_demand
29501,2025-11-30,0.2224817000860394,False,3,low_activity_cooling
29505,2025-11-30,0.2636077018582275,False,2,moderate_supply_growing
29506,2025-11-30,0.0999082169179133,False,3,low_activity_cooling
29511,2025-11-30,0.3766151403609601,False,1,affordable_high_demand
29512,2025-11-30,0.7826988321946087,False,3,low_activity_cooling
29526,2025-11-30,0.2123123286798339,False,4,high_value_appreciating
29527,2025-11-30,0.1386583338557998,False,1,affordable_high_demand
29532,2025-11-30,0.8083762060348767,False,3,low_activity_cooling
29541,2025-11-30,0.2165988600717819,False,2,moderate_supply_growing
29544,2025-11-30,0.094121175088776,False,1,affordable_high_demand
29550,2025-11-30,0.3559912183412006,False,3,low_activity_cooling
29554,2025-11-30,0.0332588756457906,False,2,moderate_supply_growing
29555,2025-11-30,0.4138792675325086,False,3,low_activity_cooling
29560,2025-11-30,0.3163182953246782,False,3,low_activity_cooling
29566,2025-11-30,0.1333653954278975,False,4,high_value_appreciating
29568,2025-11-30,0.1341015190599291,False,4,high_value_appreciating
29569,2025-11-30,0.1300928706395701,False,1,affordable_high_demand
29572,2025-11-30,0.1831669504509442,False,4,high_value_appreciating
29575,2025-11-30,0.063133937911345,False,4,high_value_appreciating
29576,2025-11-30,0.1556027313734495,False,4,high_value_appreciating
29577,2025-11-30,0.2214139155570742,False,4,high_value_appreciating
29579,2025-11-30,0.128761876753968,False,4,high_value_appreciating
29581,2025-11-30,0.8514615593622009,False,1,affordable_high_demand
29582,2025-11-30,0.0844972335743365,False,4,high_value_appreciating
29583,2025-11-30,0.6392347857309784,False,2,moderate_supply_growing
29585,2025-11-30,0.1748167167237644,False,4,high_value_appreciating
29588,2025-11-30,0.081903486645393,False,4,high_value_appreciating
29601,2025-11-30,0.1555339445067519,False,3,low_activity_cooling
29605,2025-11-30,0.1550779220117986,False,0,competitive_mid_market
29607,2025-11-30,0.1899817654897837,False,0,competitive_mid_market
29609,2025-11-30,0.2196299291952651,False,0,competitive_mid_market
29611,2025-11-30,0.0784504744679661,False,1,affordable_high_demand
29615,2025-11-30,0.2751380140941001,False,0,competitive_mid_market
29617,2025-11-30,0.185327661575269,False,0,competitive_mid_market
29621,2025-11-30,0.2324116766078532,False,4,high_value_appreciating
29624,2025-11-30,0.2233616989522595,False,1,affordable_high_demand
29625,2025-11-30,0.2014743387766703,False,1,affordable_high_demand
29626,2025-11-30,0.0613301696931256,False,1,affordable_high_demand
29627,2025-11-30,0.1528662817030459,False,1,affordable_high_demand
29630,2025-11-30,0.0898140528268323,False,2,moderate_supply_growing
29631,2025-11-30,0.1548147400738622,False,2,moderate_supply_growing
29635,2025-11-30,0.3098883324498656,False,3,low_activity_cooling
29640,2025-11-30,0.1246044810521221,False,1,affordable_high_demand
29642,2025-11-30,0.3129988479368323,False,0,competitive_mid_market
29643,2025-11-30,0.2124164317669273,False,1,affordable_high_demand
29644,2025-11-30,0.1528347583260817,False,0,competitive_mid_market
29645,2025-11-30,0.3154694112273262,False,3,low_activity_cooling
29646,2025-11-30,0.1506106864561993,False,2,moderate_supply_growing
29649,2025-11-30,0.0678160880217056,False,2,moderate_supply_growing
29650,2025-11-30,0.1456283745060059,False,0,competitive_mid_market
29651,2025-11-30,0.2440482456984139,False,4,high_value_appreciating
29653,2025-11-30,0.5177443525200988,False,3,low_activity_cooling
29654,2025-11-30,0.0456676471502899,False,1,affordable_high_demand
29657,2025-11-30,0.0859217656835003,False,1,affordable_high_demand
29661,2025-11-30,0.1551673196985261,False,2,moderate_supply_growing
29662,2025-11-30,0.1156470319279821,False,0,competitive_mid_market
29664,2025-11-30,0.2122021465255087,False,1,affordable_high_demand
29666,2025-11-30,0.256090986376364,False,2,moderate_supply_growing
29669,2025-11-30,0.2864729088033684,False,0,competitive_mid_market
29670,2025-11-30,0.1609861182888408,False,1,affordable_high_demand
29671,2025-11-30,0.112972960915397,False,1,affordable_high_demand
29672,2025-11-30,0.0887413925389676,False,1,affordable_high_demand
29673,2025-11-30,0.2235159952914127,False,0,competitive_mid_market
29676,2025-11-30,0.2386836745985411,False,1,affordable_high_demand
29678,2025-11-30,0.1501395740150971,False,2,moderate_supply_growing
29680,2025-11-30,0.1393422050447456,False,0,competitive_mid_market
29681,2025-11-30,0.3532590990011026,False,4,high_value_appreciating
29682,2025-11-30,0.1089443709194046,False,2,moderate_supply_growing
29684,2025-11-30,0.1671885434085468,False,1,affordable_high_demand
29686,2025-11-30,0.3927638180863839,False,1,affordable_high_demand
29687,2025-11-30,0.1866902437981096,False,0,competitive_mid_market
29689,2025-11-30,0.0845084703380027,False,1,affordable_high_demand
29690,2025-11-30,0.1434219852728589,False,0,competitive_mid_market
29691,2025-11-30,0.3839038035377993,False,1,affordable_high_demand
29692,2025-11-30,0.3147604345613756,False,3,low_activity_cooling
29693,2025-11-30,0.2640671694026285,False,2,moderate_supply_growing
29696,2025-11-30,0.4056502853393007,False,1,affordable_high_demand
29697,2025-11-30,0.066722464985141,False,1,affordable_high_demand
29704,2025-11-30,0.2877708800760175,False,1,affordable_high_demand
29706,2025-11-30,0.0509707328235948,False,1,affordable_high_demand
29707,2025-11-30,0.1889090327466792,False,4,high_value_appreciating
29708,2025-11-30,0.1359750997421403,False,0,competitive_mid_market
29710,2025-11-30,0.1830540901701342,False,4,high_value_appreciating
29714,2025-11-30,0.1212673717725477,False,1,affordable_high_demand
29715,2025-11-30,0.1146897316076473,False,4,high_value_appreciating
29720,2025-11-30,0.1453270266198902,False,4,high_value_appreciating
29730,2025-11-30,0.1015895220450199,False,1,affordable_high_demand
29732,2025-11-30,0.1715454613999446,False,4,high_value_appreciating
29742,2025-11-30,0.1469188758960992,False,2,moderate_supply_growing
29745,2025-11-30,0.1196247132841213,False,0,competitive_mid_market
29801,2025-11-30,0.1486722681845729,False,3,low_activity_cooling
29803,2025-11-30,0.2218105812835544,False,4,high_value_appreciating
29805,2025-11-30,0.2512734276294613,False,3,low_activity_cooling
29809,2025-11-30,0.4377214121748731,False,3,low_activity_cooling
29824,2025-11-30,0.1762230364611796,False,2,moderate_supply_growing
29829,2025-11-30,0.1644133777712106,False,2,moderate_supply_growing
29831,2025-11-30,0.093024030079696,False,3,low_activity_cooling
29832,2025-11-30,0.2999655159661622,False,3,low_activity_cooling
29841,2025-11-30,0.0707418304342811,False,3,low_activity_cooling
29842,2025-11-30,0.1870351178771354,False,3,low_activity_cooling
29847,2025-11-30,0.0399223253557152,False,3,low_activity_cooling
29851,2025-11-30,0.2509012448186932,False,3,low_activity_cooling
29860,2025-11-30,0.1968972607263376,False,2,moderate_supply_growing
29902,2025-11-30,0.2155844521128455,False,1,affordable_high_demand
29906,2025-11-30,0.0864942920856431,False,2,moderate_supply_growing
29907,2025-11-30,0.1580254440291982,False,2,moderate_supply_growing
29909,2025-11-30,0.1071140460551482,False,4,high_value_appreciating
29910,2025-11-30,0.107526714548758,False,4,high_value_appreciating
29920,2025-11-30,0.1797075213679088,False,1,affordable_high_demand
29926,2025-11-30,0.2375122975721172,False,4,high_value_appreciating
29927,2025-11-30,0.0427619398414828,False,1,affordable_high_demand
29928,2025-11-30,0.424136749775202,False,4,high_value_appreciating
29935,2025-11-30,0.2308171191737264,False,1,affordable_high_demand
29936,2025-11-30,0.0695230387301533,False,1,affordable_high_demand
29940,2025-11-30,0.4154249679480912,False,2,moderate_supply_growing
