zip,month,home_value_index,median_sale_price,median_list_price,median_price_per_sqft,homes_sold,new_listings,inventory,median_days_on_market,avg_sale_to_list_ratio,pct_sold_above_list,pct_off_market_in_2wks,mortgage_rate_30yr,mortgage_arm_spread,median_household_income,median_owner_home_value,median_gross_rent,owner_occupancy_rate,business_establishments,total_employment,avg_pay_per_employee,tax_returns_filed,adjusted_gross_income,taxable_interest_income,home_value_mom_pct,home_value_yoy_pct,sale_price_mom_pct,sale_price_yoy_pct,inventory_mom_pct,inventory_yoy_pct,home_value_mom_3m_avg,sale_price_mom_3m_avg,inventory_mom_3m_avg,pct_above_list_3m_avg,sale_to_list_3m_avg,off_market_2wk_3m_avg,home_value_mom_12m_avg,sale_price_mom_12m_avg,inventory_mom_12m_avg,home_value_mom_3m_std,sale_price_mom_3m_std,home_value_accel,sale_price_accel,inventory_accel,price_to_income_ratio,rent_to_income_ratio,price_to_rent_ratio,home_value_vs_baseline,sale_price_vs_baseline,inventory_vs_baseline,dom_vs_baseline,home_value_mom_pct_lag3,home_value_mom_pct_lag6,sale_price_mom_pct_lag3,sale_price_mom_pct_lag6,inventory_mom_pct_lag3,inventory_mom_pct_lag6,pct_sold_above_list_lag3,pct_sold_above_list_lag6,avg_sale_to_list_ratio_lag3,avg_sale_to_list_ratio_lag6,home_value_vs_baseline_lag3,home_value_vs_baseline_lag6,sale_price_vs_baseline_lag3,sale_price_vs_baseline_lag6,inventory_vs_baseline_lag3,inventory_vs_baseline_lag6
27006,2018-01-31,245572.77543192625,220000.0,275007.5,102.974828375,47.0,96.0,140.0,130.0,0.9383503867,0.1063829787,0.32,4.032500000000001,0.56,78095.0,228900.0,870.0,0.8747621518768379,302.0,2975.0,35.04638655462185,6980.0,682650.0,5998.0,0.0049938265279889,0.0382862202926026,-0.1235059760956175,-0.1431353456669912,0.1764705882352941,0.238938053097345,,,,,,,,,,,,,,,3.144539028515606,0.1336833344004097,23.522296497310943,,,,,,,,,,,,,,,,,,,,
27006,2018-02-28,246589.40870645663,258500.0,275007.5,99.652590015,64.0,122.0,143.0,135.0,0.9550361895,0.125,0.4516129032,4.33,0.735,78095.0,228900.0,870.0,0.8747621518768379,302.0,2975.0,35.04638655462185,6980.0,682650.0,5998.0,0.0041398451955525,0.0387851519351793,0.175,0.1070663811563168,0.0214285714285713,0.2767857142857142,,,,,,,,,,,,,,,3.1575569333050337,0.1336833344004097,23.6196751634537,,,,,,,,,,,,,,,,,,,,
27006,2018-03-31,247588.19383273405,261000.0,280000.0,105.925565725,88.0,123.0,130.0,115.5,0.9690784943,0.1818181818,0.4455445545,4.444,0.792,78095.0,228900.0,870.0,0.8747621518768379,302.0,2975.0,35.04638655462185,6980.0,682650.0,5998.0,0.0040503975070007,0.0391339267431651,0.0096711798839459,0.211136890951276,-0.0909090909090909,0.0,0.004394689743514,0.0203884012627761,0.0356633562515915,0.1377337201666666,0.9541550235,0.4057191525666666,,,,0.0005207915966391,0.1495412938514358,,,,3.1703462940359057,0.1336833344004097,23.71534423685192,,,,,,,,,,,,,,,,,,,,
27006,2018-04-30,248070.69395518675,265100.0,273900.0,108.327691266,93.0,101.0,132.0,57.0,0.9672551231,0.1720430108,0.3516483516,4.4675,0.8075,78095.0,228900.0,870.0,0.8747621518768379,302.0,2975.0,35.04638655462185,6980.0,682650.0,5998.0,0.0019488010109991,0.0364025908954308,0.0157088122605364,0.1727493917274938,0.0153846153846153,0.0076335877862594,0.0033796812378507,0.0667933307148274,-0.0180319680319681,0.1596203975333333,0.9637899356333334,0.4162686031,,,,0.0012399854394077,0.0937583367467754,,,,3.1765246680989403,0.1336833344004097,23.761560723676894,,,,,0.0049938265279889,,-0.1235059760956175,,0.1764705882352941,,0.1063829787,,0.9383503867,,,,,,,
27006,2018-05-31,248487.80881024152,260050.0,261700.0,109.290569517,92.0,85.0,132.0,67.0,0.9589890655,0.2173913043,0.2625,4.586,0.796,78095.0,228900.0,870.0,0.8747621518768379,302.0,2975.0,35.04638655462185,6980.0,682650.0,5998.0,0.0016814354344092,0.0347297335283875,-0.0190494153149755,0.1180137575236457,0.0,-0.0704225352112676,0.0025602113174696,0.0021101922765022,-0.0251748251748251,0.1904174989666666,0.9651075609666666,0.3532309687,,,,0.0012974445065158,0.0185717526434019,,,,3.1818657892341573,0.1336833344004097,23.801514253854556,,,,,0.0041398451955525,,0.175,,0.0214285714285713,,0.125,,0.9550361895,,,,,,,
27006,2018-06-30,248776.221044854,259000.0,267450.0,108.120437956,79.0,93.0,140.0,71.0,0.9626323815,0.2151898734,0.2236842105,4.57,0.7525000000000001,78095.0,228900.0,870.0,0.8747621518768379,302.0,2975.0,35.04638655462185,6980.0,682650.0,5998.0,0.0011606695555543,0.0345314750967742,-0.0040376850605652,0.01171875,0.0606060606060605,0.1111111111111111,0.0015969686669875,-0.0024594293716681,0.0253302253302252,0.2015413961666667,0.9629588567,0.2792775207,,,,0.0004007976719797,0.0174327784449989,,,,3.185558883985581,0.1336833344004097,23.82913994682509,,,,,0.0040503975070007,,0.0096711798839459,,-0.0909090909090909,,0.1818181818,,0.9690784943,,,,,,,
27006,2018-07-31,249587.53748099832,241300.0,259000.0,103.894375937,74.0,92.0,127.0,91.0,0.9609881579,0.2027027027,0.243902439,4.5275,0.6925,78095.0,228900.0,870.0,0.8747621518768379,302.0,2975.0,35.04638655462185,6980.0,682650.0,5998.0,0.0032612298423733,0.0377433258541608,-0.0683397683397682,-0.0151020408163264,-0.0928571428571428,-0.0230769230769231,0.0020344449441122,-0.0304756229051029,-0.0107503607503607,0.2117612934666667,0.9608698683,0.2433622165,,,,0.0010938693546744,0.0336393838146733,,,,3.1959477236826728,0.1336833344004097,23.90685224913777,,,,,0.0019488010109991,0.0049938265279889,0.0157088122605364,-0.1235059760956175,0.0153846153846153,0.1764705882352941,0.1720430108,0.1063829787,0.9672551231,0.9383503867,,,,,,
27006,2018-08-31,250530.16504511936,240000.0,264900.0,107.187894073,73.0,88.0,127.0,95.5,0.9727557615,0.1643835616,0.1728395062,4.55,0.6759999999999999,78095.0,228900.0,870.0,0.8747621518768379,302.0,2975.0,35.04638655462185,6980.0,682650.0,5998.0,0.003776741313427,0.0406929131752971,-0.0053874844591794,-0.0204081632653061,0.0,-0.0522388059701492,0.0027328802371182,-0.0259216459531709,-0.0107503607503607,0.1940920459,0.9654587669666668,0.2134753852333333,,,,0.00138575713587,0.0367413706835684,,,,3.2080179914862583,0.1336833344004097,23.997142245701088,,,,,0.0016814354344092,0.0041398451955525,-0.0190494153149755,0.175,0.0,0.0214285714285713,0.2173913043,0.125,0.9589890655,0.9550361895,,,,,,
27006,2018-09-30,251373.3409098254,239000.0,264900.0,107.734074425,72.0,71.0,120.0,92.0,0.9839588709,0.1527777778,0.196969697,4.6275,0.69,78095.0,228900.0,870.0,0.8747621518768379,302.0,2975.0,35.04638655462185,6980.0,682650.0,5998.0,0.0033655662365217,0.0418894742403663,-0.0041666666666666,0.091324200913242,-0.0551181102362204,-0.04,0.0034678457974406,-0.0259646398218714,-0.0493250843644544,0.1732880140333333,0.9725675967666666,0.2045705474,,,,0.0002725506386588,0.0367030140002402,,,,3.2188147885245586,0.1336833344004097,24.077906217416228,,,,,0.0011606695555543,0.0040503975070007,-0.0040376850605652,0.0096711798839459,0.0606060606060605,-0.0909090909090909,0.2151898734,0.1818181818,0.9626323815,0.9690784943,,,,,,
27006,2018-10-31,251924.0706647093,250000.0,282240.0,108.580289456,67.0,53.0,109.0,99.0,0.9875498617,0.2089552239,0.1851851852,4.83,0.75,78095.0,228900.0,870.0,0.8747621518768379,302.0,2975.0,35.04638655462185,6980.0,682650.0,5998.0,0.0021908836986872,0.0407612209405754,0.0460251046025104,0.0,-0.0916666666666666,-0.113821138211382,0.0031110637495453,0.0121569844922214,-0.048928258967629,0.1753721877666666,0.9814214980333332,0.1849981294666666,,,,0.0008229913307349,0.029337003406523,,,,3.2258668373738306,0.1336833344004097,24.130658109646483,,,,,0.0032612298423733,0.0019488010109991,-0.0683397683397682,0.0157088122605364,-0.0928571428571428,0.0153846153846153,0.2027027027,0.1720430108,0.9609881579,0.9672551231,,,,,,
27006,2018-11-30,252434.95130375275,239900.0,283500.0,103.979921119,55.0,47.0,111.0,102.0,0.982358397,0.1818181818,0.2558139535,4.866,0.76,78095.0,228900.0,870.0,0.8747621518768379,302.0,2975.0,35.04638655462185,6980.0,682650.0,5998.0,0.0020279151479867,0.0383326015682399,-0.0403999999999999,-0.0442231075697211,0.0183486238532109,-0.0826446280991735,0.0025281216943985,0.0004861459786146,-0.0428120510165586,0.1811837278333333,0.9846223765333334,0.2126562785666666,,,,0.0007298114194627,0.043400013542887,,,,3.2324086215987293,0.1336833344004097,24.179593036757925,,,,,0.003776741313427,0.0016814354344092,-0.0053874844591794,-0.0190494153149755,0.0,0.0,0.1643835616,0.2173913043,0.9727557615,0.9589890655,,,,,,
27006,2018-12-31,253067.17902516449,254900.0,281090.0,102.362204724,45.0,56.0,115.0,126.0,0.9565261364,0.1777777778,0.3461538462,4.6375,0.615,78095.0,228900.0,870.0,0.8747621518768379,302.0,2975.0,35.04638655462185,6980.0,682650.0,5998.0,0.0025045173742639,0.0356642839167049,0.062526052521884,0.0155378486055777,0.0360360360360361,-0.0336134453781512,0.0022411054069792,0.0227170523747981,-0.0124273355924732,0.1895170611666666,0.9754781317,0.2623843283,0.0029251524037303,0.0036703461110086,-0.0001897095937777,0.0002422376632791,0.0552801234253481,-0.0006840469967511,0.0190467062637894,-0.0122376259986954,3.240504245152244,0.1336833344004097,24.24015124762112,0.0142965158812167,0.0234378920953575,-0.0956749672346003,0.2802709568162573,0.0033655662365217,0.0011606695555543,-0.0041666666666666,-0.0040376850605652,-0.0551181102362204,0.0606060606060605,0.1527777778,0.2151898734,0.9839588709,0.9626323815,,,,,,
27006,2019-01-31,253876.5702730596,260000.0,289400.0,107.037037037,51.0,86.0,122.0,93.0,0.9643063749,0.1764705882,0.4109589041,4.464,0.556,81411.0,233600.0,824.0,0.9058357720778104,294.0,3093.0,35.742967992240544,7200.0,719427.0,7893.0,0.0031983256422778,0.0338139878352892,0.0200078462142017,0.1818181818181818,0.0608695652173914,-0.1285714285714285,0.0025769193881761,0.0140446329120286,0.0384180750355461,0.1786888492666666,0.9677303027666668,0.3376422346,0.0027755273299211,0.0156298313034936,-0.0098231281786029,0.0005885547723029,0.0517214946284406,-0.0001986079417449,-0.001585198391465,0.048241203214149,3.118455371793241,0.1214577882595718,25.67521948554405,0.0147262471405129,0.0301279405695418,-0.0291777188328913,-0.0244755244755244,0.0021908836986872,0.0032612298423733,0.0460251046025104,-0.0683397683397682,-0.0916666666666666,-0.0928571428571428,0.2089552239,0.2027027027,0.9875498617,0.9609881579,,,,,,
27006,2019-02-28,254594.8234697966,275000.0,270950.0,108.695652174,55.0,102.0,132.0,69.0,0.9730752254,0.2363636364,0.4444444444,4.37,0.5025,81411.0,233600.0,824.0,0.9058357720778104,294.0,3093.0,35.742967992240544,7200.0,719427.0,7893.0,0.0028291432957538,0.0324645523314819,0.0576923076923077,0.0638297872340425,0.0819672131147541,-0.0769230769230768,0.0028439954374318,0.0467420688094644,0.0596242714560605,0.1968706674666666,0.9646359122333332,0.4005190648999999,0.0026663021716045,0.0058541902778526,-0.004778241371421,0.0003471425035564,0.0232783217951629,0.0001776932658272,0.0408878785316118,0.0644025128274815,3.127277928901458,0.1214577882595718,25.747858360618583,0.0148909257367464,0.0836548723421721,0.0581162324649298,-0.2319109461966604,0.0020279151479867,0.003776741313427,-0.0403999999999999,-0.0053874844591794,0.0183486238532109,0.0,0.1818181818,0.1643835616,0.982358397,0.9727557615,,,,,,
27006,2019-03-31,255488.3084325317,263000.0,273450.0,109.27705262,86.0,120.0,130.0,69.0,0.973456066,0.2209302326,0.4770642202,4.265,0.44,81411.0,233600.0,824.0,0.9058357720778104,294.0,3093.0,35.742967992240544,7200.0,719427.0,7893.0,0.003509438843092,0.0319082847913774,-0.0436363636363635,0.0076628352490422,-0.0151515151515151,0.0,0.0031789692603745,0.0113545967567152,0.0425617543935434,0.2112548190666666,0.9702792221,0.4441558562333333,0.0026212222829455,0.0014118949844934,0.0015348899417102,0.0003405605820883,0.0512155635811867,0.000557746977429,0.0099427017722218,0.0410268644518331,3.1382529195382896,0.1214577882595718,25.838218894875776,0.0157868420038893,0.0356879153334974,0.0420841683366732,-0.1972855065438681,0.0025045173742639,0.0033655662365217,0.062526052521884,-0.0041666666666666,0.0360360360360361,-0.0551181102362204,0.1777777778,0.1527777778,0.9565261364,0.9839588709,0.0142965158812167,,0.0234378920953575,,-0.0956749672346003,
27006,2019-04-30,256264.3256792565,263000.0,269900.0,109.057971014,93.0,118.0,130.0,53.5,0.9708264073,0.247311828,0.4770642202,4.1425,0.39,81411.0,233600.0,824.0,0.9058357720778104,294.0,3093.0,35.742967992240544,7200.0,719427.0,7893.0,0.0030373884875041,0.0330294223530891,0.0,-0.0079215390418709,0.0,-0.0151515151515151,0.0031253235421166,0.0046853146853147,0.0222718993210796,0.2348685656666667,0.9724525662333332,0.4661909616,0.0027119379059875,0.0001028272961154,0.000252838659659,0.00034856841266,0.050826558397985,0.000413385636129,0.0045824873891992,0.0220190606614206,3.1477850128269704,0.1214577882595718,25.91669960348468,0.0161137062432767,0.0364021476774543,0.0434782608695651,-0.3754863813229572,0.0031983256422778,0.0021908836986872,0.0200078462142017,0.0460251046025104,0.0608695652173914,-0.0916666666666666,0.1764705882,0.2089552239,0.9643063749,0.9875498617,0.0147262471405129,,0.0301279405695418,,-0.0291777188328913,
27006,2019-05-31,256884.07713042176,262500.0,257250.0,109.077491717,104.0,108.0,125.0,45.0,0.972032216,0.2788461538,0.4949494949,4.072,0.422,81411.0,233600.0,824.0,0.9058357720778104,294.0,3093.0,35.742967992240544,7200.0,719427.0,7893.0,0.0024184070471864,0.0337894577620589,-0.0019011406844106,0.009421265141319,-0.0384615384615384,-0.0530303030303029,0.0029884114592608,-0.0151791681069247,-0.0178710178710178,0.2490294048,0.9721048964333332,0.4830259784333333,0.0027733522070523,0.0015318501819958,-0.0029522895454691,0.000547162367941,0.0246629796866885,0.0002150592522084,-0.0167110182889205,-0.0149187283255486,3.15539763828502,0.1214577882595718,25.97937673244557,0.0157530415072024,0.0336002100013126,0.0080645161290322,-0.4632206759443339,0.0028291432957538,0.0020279151479867,0.0576923076923077,-0.0403999999999999,0.0819672131147541,0.0183486238532109,0.2363636364,0.1818181818,0.9730752254,0.982358397,0.0148909257367464,,0.0836548723421721,,0.0581162324649298,
27006,2019-06-30,257308.6258533496,252000.0,249950.0,116.713352007,87.0,98.0,117.0,34.5,0.9759344048,0.3448275862,0.4285714286,3.8025,0.3275,81411.0,233600.0,824.0,0.9058357720778104,294.0,3093.0,35.742967992240544,7200.0,719427.0,7893.0,0.0016526860195864,0.0342975095154178,-0.04,-0.0270270270270269,-0.0639999999999999,-0.1642857142857142,0.0023694938514256,-0.0139670468948035,-0.0341538461538461,0.2903285226666667,0.9729310093666668,0.4668617145666667,0.002814353579055,-0.0014650093962903,-0.0133361279293075,0.0006936458799012,0.0225652292146235,-0.0004448597276293,-0.0125020374985131,-0.0208177182245385,3.16061251984805,0.1214577882595718,26.02231248516885,0.0145792526659196,-0.0054594487930014,-0.0416382252559726,-0.5729757607013926,0.003509438843092,0.0025045173742639,-0.0436363636363635,0.062526052521884,-0.0151515151515151,0.0360360360360361,0.2209302326,0.1777777778,0.973456066,0.9565261364,0.0157868420038893,0.0142965158812167,0.0356879153334974,0.0234378920953575,0.0420841683366732,-0.0956749672346003
27006,2019-07-31,257769.71207178585,257000.0,256250.0,117.223676408,90.0,78.0,93.0,38.5,0.9763555882,0.2444444444,0.3516483516,3.765,0.3,81411.0,233600.0,824.0,0.9058357720778104,294.0,3093.0,35.742967992240544,7200.0,719427.0,7893.0,0.0017919578751279,0.032782785043546,0.0198412698412697,0.0650642353916286,-0.2051282051282051,-0.2677165354330708,0.0019543503139669,-0.0073532902810469,-0.1025299145299144,0.2893727281333333,0.9747740696666668,0.4250564250333333,0.0026919142484512,0.0058834104521294,-0.0226920497852294,0.0004078733273594,0.0302909036753938,-0.0007375639344843,-0.0132367007331764,-0.079837864744685,3.1662762043432195,0.1214577882595718,26.06894337295569,0.0136720216947199,0.0090632464090567,-0.2201257861635219,-0.4961832061068703,0.0030373884875041,0.0031983256422778,0.0,0.0200078462142017,0.0,0.0608695652173914,0.247311828,0.1764705882,0.9708264073,0.9643063749,0.0161137062432767,0.0147262471405129,0.0364021476774543,0.0301279405695418,0.0434782608695651,-0.0291777188328913
27006,2019-08-31,258656.1266765926,251000.0,296500.0,116.0,85.0,79.0,89.0,57.0,0.9691531965,0.1764705882,0.2948717949,3.616,0.256,81411.0,233600.0,824.0,0.9058357720778104,294.0,3093.0,35.742967992240544,7200.0,719427.0,7893.0,0.0034387849436705,0.0324350627798044,-0.0233463035019455,0.0458333333333333,-0.043010752688172,-0.2992125984251969,0.0022944762794616,-0.0145016778868919,-0.1040463192721256,0.2552475396,0.9738143965,0.3583638583666667,0.0026637512176382,0.0043868421985656,-0.0262762791759104,0.0009934439600068,0.0308855135258709,-0.0003692749381765,-0.0188885200854575,-0.0777700400962152,3.177164347282217,0.1214577882595718,26.15858886292401,0.0144563994797815,-0.0180288853388974,-0.2333094041636755,-0.2214001138303927,0.0024184070471864,0.0028291432957538,-0.0019011406844106,0.0576923076923077,-0.0384615384615384,0.0819672131147541,0.2788461538,0.2363636364,0.972032216,0.9730752254,0.0157530415072024,0.0148909257367464,0.0336002100013126,0.0836548723421721,0.0080645161290322,0.0581162324649298
27006,2019-09-30,259731.0870358349,268000.0,284450.0,113.736391175,70.0,64.0,85.0,70.5,0.9654562524,0.08571428571,0.2380952381,3.605,0.2225,81411.0,233600.0,824.0,0.9058357720778104,294.0,3093.0,35.742967992240544,7200.0,719427.0,7893.0,0.0041559439285441,0.0332483392859375,0.0677290836653385,0.1213389121338912,-0.0449438202247191,-0.2916666666666666,0.0031288955824474,0.0214080166682208,-0.097694259347032,0.1688764394366666,0.9703216790333332,0.2948717948666666,0.0027296160253067,0.0103781547262327,-0.0254284216749519,0.0012120771746617,0.0455579033608054,0.0003992795571407,0.0110298619419881,-0.07226583767208,3.1903684641612915,0.1214577882595718,26.26730249148816,0.0158973888778659,0.0386590446662145,-0.2488954344624447,-0.0128354725787631,0.0016526860195864,0.003509438843092,-0.04,-0.0436363636363635,-0.0639999999999999,-0.0151515151515151,0.3448275862,0.2209302326,0.9759344048,0.973456066,0.0145792526659196,0.0157868420038893,-0.0054594487930014,0.0356879153334974,-0.0416382252559726,0.0420841683366732
27006,2019-10-31,261319.14802501464,253500.0,254900.0,104.29969634,64.0,61.0,73.0,94.5,0.9518192195,0.125,0.2307692308,3.688,0.306,81411.0,233600.0,824.0,0.9058357720778104,294.0,3093.0,35.742967992240544,7200.0,719427.0,7893.0,0.0061142507325686,0.0372932897420883,-0.0541044776119402,0.014,-0.1411764705882353,-0.3302752293577982,0.004569659868261,-0.0032405658161824,-0.0763770145003754,0.1290616246366666,0.9621428894666666,0.2545787546,0.0030565632781301,0.0020340228750284,-0.029554238668416,0.0013848826506144,0.0633564099305874,0.0015130965901308,-0.0052745886912108,-0.0468227758319594,3.209875176880454,0.1214577882595718,26.427907364989345,0.0189884114838383,-0.0186463642815665,-0.3373676248108926,0.3302052785923752,0.0017919578751279,0.0030373884875041,0.0198412698412697,0.0,-0.2051282051282051,0.0,0.2444444444,0.247311828,0.9763555882,0.9708264073,0.0136720216947199,0.0161137062432767,0.0090632464090567,0.0364021476774543,-0.2201257861635219,0.0434782608695651
27006,2019-11-30,263000.59128752374,271000.0,261750.0,107.711560182,52.0,60.0,80.0,96.0,0.9495583293,0.1538461538,0.2580645161,3.695,0.2825,81411.0,233600.0,824.0,0.9058357720778104,294.0,3093.0,35.742967992240544,7200.0,719427.0,7893.0,0.0064344433816543,0.0418549013486546,0.069033530571992,0.129637348895373,0.095890410958904,-0.2792792792792793,0.0055682126809223,0.0275527122084634,-0.0300766266180168,0.1215201465033333,0.9556112670666668,0.2423096616666666,0.0034237739642691,0.0111534837560278,-0.0230924230762749,0.0012334942662372,0.0707202084446669,0.0021444387166531,0.0163992284524356,-0.0069842035417418,3.230528936968269,0.1214577882595718,26.59795623862497,0.0220360716525103,0.0386789740969049,-0.2563903950426026,0.3608978145304193,0.0034387849436705,0.0024184070471864,-0.0233463035019455,-0.0019011406844106,-0.043010752688172,-0.0384615384615384,0.1764705882,0.2788461538,0.9691531965,0.972032216,0.0144563994797815,0.0157530415072024,-0.0180288853388974,0.0336002100013126,-0.2333094041636755,0.0080645161290322
27006,2019-12-31,264761.16147475573,230000.0,297000.0,108.055009823,57.0,77.0,95.0,96.0,0.9488394064,0.1403508772,0.25,3.72,0.3275,81411.0,233600.0,824.0,0.9058357720778104,294.0,3093.0,35.742967992240544,7200.0,719427.0,7893.0,0.0066941681713075,0.0462090046391532,-0.1512915129151291,-0.0976853668105138,0.1875,-0.1739130434782608,0.0064142874285101,-0.045454153318359,0.0474046467902228,0.1397323436666666,0.9500723184,0.2462779156333333,0.0037729115306894,-0.0066646466970566,-0.0104704260792779,0.0002904836583591,0.1104169474296792,0.0026413758978206,-0.0387895066213024,0.0578750728695008,3.25215464095461,0.1214577882595718,26.776007430699405,0.0249961338762494,-0.1113972955569865,-0.1030684500393391,0.4109001837109614,0.0041559439285441,0.0016526860195864,0.0677290836653385,-0.04,-0.0449438202247191,-0.0639999999999999,0.08571428571,0.3448275862,0.9654562524,0.9759344048,0.0158973888778659,0.0145792526659196,0.0386590446662145,-0.0054594487930014,-0.2488954344624447,-0.0416382252559726
27006,2020-01-31,266013.50622853346,267000.0,319200.0,122.107563664,53.0,106.0,104.0,78.0,0.9571242646,0.1320754717,0.369047619,3.624,0.29,80347.0,228600.0,840.0,0.9135091926458832,305.0,3497.0,38.9359450957964,7440.0,714454.0,6041.0,0.0047300923851594,0.0478064436683536,0.1608695652173912,0.0269230769230768,0.0947368421052632,-0.1475409836065574,0.005952901312707,0.0262038609580847,0.1260424176880557,0.1420908342333333,0.9518406667666668,0.2923707117,0.0039005587592629,0.0050738298865425,-0.0076481530052886,0.0010669163493722,0.1604273047976612,0.0020523425534441,0.0211300310715421,0.1336905706933443,3.310808197300876,0.1254558353143241,26.39022879251324,0.0258277527746835,0.0292322518470928,-0.0039904229848364,0.1678103555832812,0.0061142507325686,0.0017919578751279,-0.0541044776119402,0.0198412698412697,-0.1411764705882353,-0.2051282051282051,0.125,0.2444444444,0.9518192195,0.9763555882,0.0189884114838383,0.0136720216947199,-0.0186463642815665,0.0090632464090567,-0.3373676248108926,-0.2201257861635219
27006,2020-02-29,266994.8713766254,265000.0,326950.0,122.570478025,65.0,92.0,90.0,55.0,0.9679003651,0.1076923077,0.369047619,3.4650000000000003,0.2025,80347.0,228600.0,840.0,0.9135091926458832,305.0,3497.0,38.9359450957964,7440.0,714454.0,6041.0,0.0036891553440479,0.0487050276114504,-0.0074906367041198,-0.0363636363636363,-0.1346153846153845,-0.3181818181818182,0.0050378053001716,0.0006958051993807,0.0492071524966262,0.1267062188666667,0.9579546787,0.3293650793333333,0.003972226429954,-0.0003580821464931,-0.0256967028161335,0.0015259557501931,0.1562414735225378,0.0010655788702175,0.0010538873458738,0.0749038553127597,3.323022283055066,0.1254558353143241,26.487586446093783,0.0255256165295181,0.0248146954560102,-0.1081750619322874,-0.1619047619047618,0.0064344433816543,0.0034387849436705,0.069033530571992,-0.0233463035019455,0.095890410958904,-0.043010752688172,0.1538461538,0.1764705882,0.9495583293,0.9691531965,0.0220360716525103,0.0144563994797815,0.0386789740969049,-0.0180288853388974,-0.2563903950426026,-0.2333094041636755
27006,2020-03-31,267740.8520732681,259000.0,315000.0,116.497263487,77.0,99.0,109.0,47.0,0.9667680988,0.1428571429,0.4698795181,3.45,0.29,80347.0,228600.0,840.0,0.9135091926458832,305.0,3497.0,38.9359450957964,7440.0,714454.0,6041.0,0.0027939888612706,0.0479573555279615,-0.0226415094339622,-0.0152091254752851,0.211111111111111,-0.1615384615384615,0.0037377455301592,0.043579139693103,0.0570775228669965,0.1275416407666667,0.9639309095,0.4026582520333333,0.0039126055981356,0.0013914890370403,-0.0068414839609146,0.0009689659273903,0.1018585792943844,-0.0001748600679763,0.0421876506560627,0.0639190068279112,3.3323067702996765,0.1254558353143241,26.56159246758612,0.0243735063966161,0.0029041626331074,0.099159663865546,-0.2632266492488569,0.0066941681713075,0.0041559439285441,-0.1512915129151291,0.0677290836653385,0.1875,-0.0449438202247191,0.1403508772,0.08571428571,0.9488394064,0.9654562524,0.0249961338762494,0.0158973888778659,-0.1113972955569865,0.0386590446662145,-0.1030684500393391,-0.2488954344624447
27006,2020-04-30,268523.7317844958,262000.0,294075.0,116.223478443,84.0,85.0,103.0,47.0,0.9731372656,0.1547619048,0.3902439024,3.306,-0.006,80347.0,228600.0,840.0,0.9135091926458832,305.0,3497.0,38.9359450957964,7440.0,714454.0,6041.0,0.0029240203919778,0.0478389103623548,0.0115830115830115,-0.0038022813688213,-0.055045871559633,-0.2076923076923077,0.003135721532432,-0.0061830448516901,0.0071499516453644,0.1351037851333333,0.9692685765,0.4097236798333333,0.0039031582568417,0.0023567400022912,-0.0114286399242174,0.0004836773590154,0.017149688249345,-0.0007674367244096,-0.0085397848539814,0.0185785915695819,3.342050503248358,0.1254558353143241,26.639259105604744,0.0233687581589192,0.0148482892188508,0.0627687016337059,-0.2569169960474308,0.0047300923851594,0.0061142507325686,0.1608695652173912,-0.0541044776119402,0.0947368421052632,-0.1411764705882353,0.1320754717,0.125,0.9571242646,0.9518192195,0.0258277527746835,0.0189884114838383,0.0292322518470928,-0.0186463642815665,-0.0039904229848364,-0.3373676248108926
27006,2020-05-31,269361.09137755574,292000.0,294537.5,115.559939872,89.0,112.0,112.0,74.5,0.9687986363,0.1460674157,0.4,3.2325,0.07,80347.0,228600.0,840.0,0.9135091926458832,305.0,3497.0,38.9359450957964,7440.0,714454.0,6041.0,0.0031183820792866,0.0485706019092779,0.1145038167938932,0.1123809523809524,0.0873786407766989,-0.1039999999999999,0.0029454637775116,0.0344817729809808,0.0811479601093922,0.1478954878,0.9695680002333332,0.4200411401666666,0.0039614895095168,0.0120571531254832,-0.0009419583210309,0.0001632562527471,0.0713825964903706,-0.0010160257320051,0.0224246198554975,0.0820899184304232,3.3524722936457585,0.1254558353143241,26.72233049380513,0.0225082342330089,0.1203836930455635,0.1686956521739131,0.1337983512999367,0.0036891553440479,0.0064344433816543,-0.0074906367041198,0.069033530571992,-0.1346153846153845,0.095890410958904,0.1076923077,0.1538461538,0.9679003651,0.9495583293,0.0255256165295181,0.0220360716525103,0.0248146954560102,0.0386789740969049,-0.1081750619322874,-0.2563903950426026
27006,2020-06-30,270309.2147915784,304900.0,289900.0,125.980392157,91.0,103.0,108.0,56.0,0.9762042001,0.1538461538,0.3669724771,3.1625,0.07,80347.0,228600.0,840.0,0.9135091926458832,305.0,3497.0,38.9359450957964,7440.0,714454.0,6041.0,0.0035198974327503,0.0505252744446989,0.0441780821917807,0.2099206349206348,-0.0357142857142857,-0.0769230769230768,0.0031874333013382,0.0567549701895618,-0.0011271721657399,0.1515584914333333,0.9727133673333334,0.3857387931666667,0.0041170904606137,0.0190719933081316,0.0014151845361118,0.000303880593951,0.0526004431549356,-0.0009296571592755,0.0376829768814301,-0.0025423567018518,3.3642726522655284,0.1254558353143241,26.816390356307384,0.0219046995845151,0.1504213306502326,0.1358457493426819,-0.1703703703703704,0.0027939888612706,0.0066941681713075,-0.0226415094339622,-0.1512915129151291,0.211111111111111,0.1875,0.1428571429,0.1403508772,0.9667680988,0.9488394064,0.0243735063966161,0.0249961338762494,0.0029041626331074,-0.1113972955569865,0.099159663865546,-0.1030684500393391
27006,2020-07-31,271857.8427900931,315000.0,318000.0,120.304253337,97.0,105.0,100.0,56.0,0.9757166993,0.1855670103,0.4201680672,3.016,-0.006,80347.0,228600.0,840.0,0.9135091926458832,305.0,3497.0,38.9359450957964,7440.0,714454.0,6041.0,0.0057290980616726,0.0546539413225704,0.033125614955723,0.2256809338521401,-0.074074074074074,0.075268817204301,0.0041224591912365,0.0639358379804656,-0.0074699063372202,0.1618268599333333,0.9735731785666668,0.3957135147666666,0.0044451854761591,0.0201790220676694,0.0123363621239561,0.0014057987017222,0.0441404533161756,-0.0003227262849226,0.0437568159127961,-0.0198062684611764,3.383546900196561,0.1254558353143241,26.97002408631876,0.0232178913815097,0.1672430830039524,0.0452961672473866,-0.1879154078549848,0.0029240203919778,0.0047300923851594,0.0115830115830115,0.1608695652173912,-0.055045871559633,0.0947368421052632,0.1547619048,0.1320754717,0.9731372656,0.9571242646,0.0233687581589192,0.0258277527746835,0.0148482892188508,0.0292322518470928,0.0627687016337059,-0.0039904229848364
27006,2020-08-31,274044.6084970419,316715.0,298950.0,122.960725076,110.0,106.0,92.0,39.0,0.9828458467,0.2636363636,0.4833333333,2.935,0.03,80347.0,228600.0,840.0,0.9135091926458832,305.0,3497.0,38.9359450957964,7440.0,714454.0,6041.0,0.0080437837823839,0.0594939776535434,0.0054444444444443,0.2618127490039841,-0.0799999999999999,0.0337078651685394,0.0057642597589356,0.0275827138639826,-0.0632627865961198,0.2010165092333333,0.9782555820333334,0.4234912925333333,0.0048289353793852,0.0225782510632019,0.0092539248479704,0.0022621481350292,0.019952856629317,0.0009353243795503,0.0050044628007807,-0.0725167114440903,3.4107634198792973,0.1254558353143241,27.186965128674792,0.0264939650211541,0.1502565739993915,-0.0408340573414423,-0.4218653489808524,0.0031183820792866,0.0036891553440479,0.1145038167938932,-0.0074906367041198,0.0873786407766989,-0.1346153846153845,0.1460674157,0.1076923077,0.9687986363,0.9679003651,0.0225082342330089,0.0255256165295181,0.1203836930455635,0.0248146954560102,0.1686956521739131,-0.1081750619322874
27006,2020-09-30,277333.2243860817,321000.0,304450.0,120.823389021,114.0,94.0,76.0,43.0,0.9831399695,0.2894736842,0.4956521739,2.89,-0.0849999999999999,80347.0,228600.0,840.0,0.9135091926458832,305.0,3497.0,38.9359450957964,7440.0,714454.0,6041.0,0.0120002940655381,0.0677706221120084,0.0135295139162969,0.1977611940298507,-0.1739130434782608,-0.1058823529411764,0.0085910586365315,0.0173665244388213,-0.1093290391841115,0.2462256860333333,0.9805675051666666,0.4663845248,0.0054826312241348,0.0180616202507817,-0.001493510423158,0.0031712154064666,0.0142338957257348,0.0031084274123967,-0.0006950958119604,-0.1078355287609535,3.4516935839058296,0.1254558353143241,27.51321670496842,0.0331357461696733,0.1474137764121872,-0.2014010507880911,-0.3401534526854221,0.0035198974327503,0.0027939888612706,0.0441780821917807,-0.0226415094339622,-0.0357142857142857,0.211111111111111,0.1538461538,0.1428571429,0.9762042001,0.9667680988,0.0219046995845151,0.0243735063966161,0.1504213306502326,0.0029041626331074,0.1358457493426819,0.099159663865546
27006,2020-10-31,281207.6169001073,322250.0,298950.0,123.333333333,114.0,82.0,62.0,43.0,0.9874942074,0.2807017544,0.52,2.834,-0.054,80347.0,228600.0,840.0,0.9135091926458832,305.0,3497.0,38.9359450957964,7440.0,714454.0,6041.0,0.0139701708030193,0.0761079661609367,0.0038940809968848,0.2712031558185404,-0.1842105263157895,-0.1506849315068493,0.0113380828836471,0.0076226797858753,-0.14604118993135,0.2779372674,0.9844933412,0.4996618357333333,0.0061372912300056,0.0228948334681838,-0.0050796817337875,0.0030181796693793,0.0051738693246076,0.0052007916536414,-0.0152721536823085,-0.1409615081975625,3.49991433283268,0.1254558353143241,27.897581041677316,0.0411406936548164,0.1287660196767823,-0.3421750663129973,-0.2936344969199178,0.0057290980616726,0.0029240203919778,0.033125614955723,0.0115830115830115,-0.074074074074074,-0.055045871559633,0.1855670103,0.1547619048,0.9757166993,0.9731372656,0.0232178913815097,0.0233687581589192,0.1672430830039524,0.0148482892188508,0.0452961672473866,0.0627687016337059
27006,2020-11-30,285552.6269604347,323462.5,309950.0,124.826155496,90.0,62.0,61.0,47.0,0.9887062879,0.2555555556,0.4588235294,2.765,-0.2375,80347.0,228600.0,840.0,0.9135091926458832,305.0,3497.0,38.9359450957964,7440.0,714454.0,6041.0,0.0154512530927315,0.0857489922836565,0.0037626066718385,0.1935885608856089,-0.0161290322580645,-0.2375,0.0138072393204296,0.0070620671950067,-0.1247508673507049,0.2752436647333333,0.9864468216,0.4914919011,0.0068886920392621,0.0174555898098377,-0.0144146353352015,0.0017312393112611,0.0056013589149492,0.0069185472811675,-0.010393522614831,-0.1103362320155033,3.5539923949921555,0.1254558353143241,28.32863362702725,0.0499222224713462,0.1159242480761229,-0.3417266187050359,-0.1724137931034483,0.0080437837823839,0.0031183820792866,0.0054444444444443,0.1145038167938932,-0.0799999999999999,0.0873786407766989,0.2636363636,0.1460674157,0.9828458467,0.9687986363,0.0264939650211541,0.0225082342330089,0.1502565739993915,0.1203836930455635,-0.0408340573414423,0.1686956521739131
27006,2020-12-31,289944.42127869395,320000.0,317450.0,125.303152789,83.0,60.0,56.0,47.0,0.9844551101,0.2409638554,0.5211267606,2.684,-0.104,80347.0,228600.0,840.0,0.9135091926458832,305.0,3497.0,38.9359450957964,7440.0,714454.0,6041.0,0.0153799821945526,0.0951168957851069,-0.0107044866097306,0.3913043478260869,-0.081967213114754,-0.4105263157894737,0.0149338020301011,-0.0010159329803357,-0.0941022572295359,0.2590737218,0.9868852018000002,0.4999834299999999,0.0076125098745325,0.0291711753352876,-0.0368702364280977,0.0008352896153953,0.0083907910799149,0.0073212921555685,-0.0301871083156234,-0.0572320208014382,3.6086527347467103,0.1254558353143241,28.76432750780694,0.057907019394308,0.0761344075060375,-0.3737185461323392,-0.108300395256917,0.0120002940655381,0.0035198974327503,0.0135295139162969,0.0441780821917807,-0.1739130434782608,-0.0357142857142857,0.2894736842,0.1538461538,0.9831399695,0.9762042001,0.0331357461696733,0.0219046995845151,0.1474137764121872,0.1504213306502326,-0.2014010507880911,0.1358457493426819
27006,2021-01-31,294027.913266898,315000.0,335000.0,126.837234622,71.0,67.0,53.0,45.0,0.9885833094,0.3098591549,0.5789473684,2.735,-0.1325,84985.0,252100.0,782.0,0.911917098445596,317.0,3271.0,44.26505655762764,7420.0,886928.0,4814.0,0.0140837060088803,0.1053119724466067,-0.015625,0.1797752808988764,-0.0535714285714286,-0.4903846153846154,0.0149716470987214,-0.0075222933126307,-0.050555891314749,0.2687928553,0.9872482358,0.5196325528,0.0083919776765092,0.014463294900505,-0.0492292589844887,0.0007698047931151,0.0100779258158888,0.0065796694222121,-0.0219855882131357,-0.0013266323302603,3.45976246710476,0.1104194857916102,31.332897833215902,0.063745385819202,0.0452593134886152,-0.3776908023483366,-0.0992493744787322,0.0139701708030193,0.0057290980616726,0.0038940809968848,0.033125614955723,-0.1842105263157895,-0.074074074074074,0.2807017544,0.1855670103,0.9874942074,0.9757166993,0.0411406936548164,0.0232178913815097,0.1287660196767823,0.1672430830039524,-0.3421750663129973,0.0452961672473866
27006,2021-02-28,297926.073647115,335000.0,339999.5,128.034585966,69.0,76.0,57.0,42.0,0.990438135,0.3768115942,0.6944444444,2.81,-0.0225,84985.0,252100.0,782.0,0.911917098445596,317.0,3271.0,44.26505655762764,7420.0,886928.0,4814.0,0.0132577901768069,0.1158494247886048,0.0634920634920634,0.2641509433962263,0.0754716981132075,-0.3666666666666667,0.0142404927934132,0.0123875256274442,-0.020022314524325,0.3092115348333333,0.9878255181666667,0.5981728578,0.0091893639125725,0.0203785199168536,-0.0317220020904393,0.0010697482469717,0.0443261571284176,0.0050511288808407,-0.0079909942894093,0.0116996875661143,3.505631271955227,0.1104194857916102,31.74830281832001,0.0678898627226092,0.0905162387226854,-0.308392315470172,-0.1406649616368286,0.0154512530927315,0.0080437837823839,0.0037626066718385,0.0054444444444443,-0.0161290322580645,-0.0799999999999999,0.2555555556,0.2636363636,0.9887062879,0.9828458467,0.0499222224713462,0.0264939650211541,0.1159242480761229,0.1502565739993915,-0.3417266187050359,-0.0408340573414423
27006,2021-03-31,301414.641479408,334500.0,339999.0,128.446305329,70.0,83.0,59.0,30.0,1.00813026,0.5428571429,0.6666666667,3.0825,0.3,84985.0,252100.0,782.0,0.911917098445596,317.0,3271.0,44.26505655762764,7420.0,886928.0,4814.0,0.0117095083004556,0.1257700838156927,-0.0014925373134327,0.2915057915057915,0.0350877192982457,-0.4587155963302752,0.0130170014953809,0.0154581753928768,0.0189959962800082,0.4098426306666667,0.9957172348,0.6466861598333333,0.0099323238658379,0.022140934260231,-0.0463906180748448,0.0012052751061477,0.0421944597055191,0.0030846776295429,-0.0066827588673541,0.065386614354853,3.546680490432524,0.1104194857916102,32.12005983369651,0.0696355112193711,0.0670345729568939,-0.2460063897763578,-0.3678665496049166,0.0153799821945526,0.0120002940655381,-0.0107044866097306,0.0135295139162969,-0.081967213114754,-0.1739130434782608,0.2409638554,0.2894736842,0.9844551101,0.9831399695,0.057907019394308,0.0331357461696733,0.0761344075060375,0.1474137764121872,-0.3737185461323392,-0.2014010507880911
27006,2021-04-30,304863.7588671508,343500.0,334900.0,130.804367052,72.0,89.0,51.0,30.0,1.00391808,0.5694444444,0.6559139785,3.06,0.254,84985.0,252100.0,782.0,0.911917098445596,317.0,3271.0,44.26505655762764,7420.0,886928.0,4814.0,0.0114430983538615,0.1353326458006316,0.0269058295964126,0.3110687022900764,-0.135593220338983,-0.5048543689320388,0.012136798943708,0.0296351185916811,-0.0083446009758432,0.4963710605,1.000828825,0.6723416965333334,0.0106422470293282,0.0234178357613478,-0.0531028971397906,0.0009799028387674,0.0325781575488423,0.0014945519143797,0.0062172828303332,0.0447582961639473,3.587265504114265,0.1104194857916102,32.48761283750542,0.0703724746145288,0.072508132601242,-0.3100338218714769,-0.3484162895927601,0.0140837060088803,0.0139701708030193,-0.015625,0.0038940809968848,-0.0535714285714286,-0.1842105263157895,0.3098591549,0.2807017544,0.9885833094,0.9874942074,0.063745385819202,0.0411406936548164,0.0452593134886152,0.1287660196767823,-0.3776908023483366,-0.3421750663129973
27006,2021-05-31,309018.1314676611,335000.0,324500.0,130.25,91.0,90.0,52.0,32.0,1.000786639,0.5054945055,0.6489361702,2.9625,0.345,84985.0,252100.0,782.0,0.911917098445596,317.0,3271.0,44.26505655762764,7420.0,886928.0,4814.0,0.0136269808387445,0.147226312038212,-0.024745269286754,0.1472602739726027,0.0196078431372548,-0.5357142857142857,0.0122598624976871,0.0002226743320752,-0.0269658859678274,0.5392653642666667,1.0042783263333332,0.6571722717999999,0.0115179635926164,0.0118137452546272,-0.0587504636097443,0.0011914289671451,0.0258682327807936,0.0007418989050707,-0.0115910709225519,0.0317845776419168,3.63614910240232,0.1104194857916102,32.93032091513865,0.0725140991726773,0.0343955829764732,-0.2454655380894801,-0.2470588235294117,0.0132577901768069,0.0154512530927315,0.0634920634920634,0.0037626066718385,0.0754716981132075,-0.0161290322580645,0.3768115942,0.2555555556,0.990438135,0.9887062879,0.0678898627226092,0.0499222224713462,0.0905162387226854,0.1159242480761229,-0.308392315470172,-0.3417266187050359
27006,2021-06-30,313887.4401164357,336000.0,315000.0,136.196241575,98.0,89.0,49.0,32.0,0.9943920484,0.4081632653,0.6703296703,2.975,0.415,84985.0,252100.0,782.0,0.911917098445596,317.0,3271.0,44.26505655762764,7420.0,886928.0,4814.0,0.0157573558083732,0.1612162032968731,0.0029850746268655,0.1020006559527713,-0.0576923076923077,-0.5462962962962963,0.0136091450003264,0.001715211645508,-0.0578925616313453,0.4943674050666666,0.9996989224666668,0.6583932730000001,0.012537751790585,0.0083809946242176,-0.0605819654412461,0.0021571840287285,0.0258489539044277,0.0010713932097414,-0.0066657829787096,0.0026894038099008,3.6934451975811697,0.1104194857916102,33.44921569868241,0.0758540538113974,0.0292468718310676,-0.234375,-0.2098765432098766,0.0117095083004556,0.0153799821945526,-0.0014925373134327,-0.0107044866097306,0.0350877192982457,-0.081967213114754,0.5428571429,0.2409638554,1.00813026,0.9844551101,0.0696355112193711,0.057907019394308,0.0670345729568939,0.0761344075060375,-0.2460063897763578,-0.3737185461323392
27006,2021-07-31,318310.9395366838,324000.0,345450.0,136.338377501,98.0,88.0,54.0,29.0,0.9958100754,0.4081632653,0.6447368421,2.868,0.374,84985.0,252100.0,782.0,0.911917098445596,317.0,3271.0,44.26505655762764,7420.0,886928.0,4814.0,0.0140926295700369,0.1708727483078649,-0.0357142857142857,0.0285714285714284,0.1020408163265305,-0.4599999999999999,0.0144923220723848,-0.0191581601247247,0.0213187839238258,0.4406070120333334,0.9969962542666666,0.6546675608666667,0.0132347127496153,0.0026443362350502,-0.0459057245745291,0.0011200178347374,0.0199454747823882,0.0012576093227695,-0.0218024963597749,0.067224508498355,3.745495552587913,0.1104194857916102,33.920603104932205,0.0767293781564371,-0.0097868864253829,-0.1024930747922436,-0.2418300653594771,0.0114430983538615,0.0140837060088803,0.0269058295964126,-0.015625,-0.135593220338983,-0.0535714285714286,0.5694444444,0.3098591549,1.00391808,0.9885833094,0.0703724746145288,0.063745385819202,0.072508132601242,0.0452593134886152,-0.3100338218714769,-0.3776908023483366
27006,2021-08-31,320864.5443121215,335750.0,349950.0,138.782676551,86.0,84.0,58.0,27.0,1.004575775,0.488372093,0.6285714286,2.8425,0.42,84985.0,252100.0,782.0,0.911917098445596,317.0,3271.0,44.26505655762764,7420.0,886928.0,4814.0,0.0080223594550492,0.1708478633163292,0.0362654320987654,0.0601013529513916,0.0740740740740741,-0.3695652173913043,0.0126241149444864,0.001178740337115,0.0394741942360989,0.4348995412000001,0.9982592996,0.6478793136666667,0.0132329273890041,0.0052127518729103,-0.0330662184016896,0.004071233664453,0.0360238403947491,-0.0006088124445177,-0.0040340115357952,0.0725404126377886,3.7755432642480615,0.1104194857916102,34.19272637597203,0.0712293195247062,0.0211730563907273,0.0116279069767442,-0.2751677852348994,0.0136269808387445,0.0132577901768069,-0.024745269286754,0.0634920634920634,0.0196078431372548,0.0754716981132075,0.5054945055,0.3768115942,1.000786639,0.990438135,0.0725140991726773,0.0678898627226092,0.0343955829764732,0.0905162387226854,-0.2454655380894801,-0.308392315470172
27006,2021-09-30,321932.8424259661,334750.0,379950.0,137.398373984,66.0,80.0,52.0,27.0,1.007865694,0.5303030303,0.6428571429,2.9,0.446,84985.0,252100.0,782.0,0.911917098445596,317.0,3271.0,44.26505655762764,7420.0,886928.0,4814.0,0.0033294364640219,0.160815993607013,-0.0029784065524943,0.0428348909657321,-0.1034482758620689,-0.3157894736842105,0.008481475163036,-0.0008090867226715,0.0242222048461785,0.4756127962000001,1.0027505148,0.6387218045333333,0.0125103559222111,0.0038370918338444,-0.0271941544336736,0.0053962646232678,0.0360388596587719,-0.0040288807591751,-0.0046461785565159,0.0514163592798522,3.788113695663542,0.1104194857916102,34.30656888597252,0.0616230232058987,0.0145957055853911,-0.0602409638554217,-0.248259860788863,0.0157573558083732,0.0117095083004556,0.0029850746268655,-0.0014925373134327,-0.0576923076923077,0.0350877192982457,0.4081632653,0.5428571429,0.9943920484,1.00813026,0.0758540538113974,0.0696355112193711,0.0292468718310676,0.0670345729568939,-0.234375,-0.2460063897763578
27006,2021-10-31,322928.0830415884,355700.0,368000.0,138.83578272,63.0,72.0,51.0,30.5,1.007584031,0.5238095238,0.6025641026,3.0675,0.525,84985.0,252100.0,782.0,0.911917098445596,317.0,3271.0,44.26505655762764,7420.0,886928.0,4814.0,0.0030914541309998,0.1483617926192284,0.0625840179238237,0.1038013964313422,-0.0192307692307692,-0.1774193548387096,0.0048144166833569,0.0319570144900316,-0.0162016570062546,0.5141615490333334,1.006675166666667,0.6246642247,0.0116037961995428,0.0087279199110893,-0.0134458413432552,0.0027807070175671,0.0329928738142293,-0.0067893795161858,0.0232290945789422,-0.0027558156629993,3.7998244753966985,0.1104194857916102,34.41262607007549,0.0528342680176268,0.0690610588798827,-0.0627871362940275,-0.1254480286738351,0.0140926295700369,0.0114430983538615,-0.0357142857142857,0.0269058295964126,0.1020408163265305,-0.135593220338983,0.4081632653,0.5694444444,0.9958100754,1.00391808,0.0767293781564371,0.0703724746145288,-0.0097868864253829,0.072508132601242,-0.1024930747922436,-0.3100338218714769
27006,2021-11-30,324767.9570312497,371500.0,369950.0,138.74614594,71.0,58.0,37.0,31.5,0.9927042863,0.4084507042,0.5733333333,3.0675,0.56,84985.0,252100.0,782.0,0.911917098445596,317.0,3271.0,44.26505655762764,7420.0,886928.0,4814.0,0.0056974728624774,0.137331358104608,0.0444194545965701,0.1485102600765158,-0.2745098039215686,-0.3934426229508196,0.004039454485833,0.0346750219892998,-0.1323962830048022,0.4875210861000001,1.0027180037666668,0.6062515262666667,0.0107909811803549,0.0121159905714836,-0.0349775723152139,0.001440807968008,0.0338500125691475,-0.0067515266945219,0.0225590314178162,-0.0974187106895883,3.8214738722274486,0.1104194857916102,34.60869107323633,0.047670466868986,0.1032741851659366,-0.2941176470588235,-0.0620347394540943,0.0080223594550492,0.0136269808387445,0.0362654320987654,-0.024745269286754,0.0740740740740741,0.0196078431372548,0.488372093,0.5054945055,1.004575775,1.000786639,0.0712293195247062,0.0725140991726773,0.0211730563907273,0.0343955829764732,0.0116279069767442,-0.2454655380894801
27006,2021-12-31,327001.7183237231,380000.0,375000.0,144.455097475,79.0,61.0,42.0,32.0,0.9968508984,0.4050632911,0.5352112676,3.098,0.664,84985.0,252100.0,782.0,0.911917098445596,317.0,3271.0,44.26505655762764,7420.0,886928.0,4814.0,0.0068780224283595,0.127808277467804,0.0228802153432032,0.1875,0.1351351351351351,-0.25,0.0052223164739455,0.043294562621199,-0.0528684793390675,0.4457745063666667,0.9990464052333332,0.5703695678333333,0.0100824845331722,0.0149147157342281,-0.0168857099610565,0.0019374867903586,0.0198757898285178,-0.0048601680592266,0.0283798468869708,-0.035982769378011,3.8477580552300186,0.1104194857916102,34.84673042665421,0.0444714040010865,0.1120052673933718,-0.1804878048780488,-0.0103092783505155,0.0033294364640219,0.0157573558083732,-0.0029784065524943,0.0029850746268655,-0.1034482758620689,-0.0576923076923077,0.5303030303,0.4081632653,1.007865694,0.9943920484,0.0616230232058987,0.0758540538113974,0.0145957055853911,0.0292468718310676,-0.0602409638554217,-0.234375
27006,2022-01-31,330634.83350424183,380000.0,380000.0,153.049741166,73.0,63.0,47.0,34.5,1.001511186,0.4383561644,0.71875,3.4450000000000003,0.875,90711.0,286700.0,878.0,0.8832991641696893,316.0,3607.0,50.036041031327976,7630.0,931332.0,7060.0,0.011110385594127,0.1245015135828775,0.0,0.2063492063492062,0.119047619047619,-0.1132075471698113,0.0078952936283213,0.0224332233132577,-0.0067756832462715,0.4172900532333334,0.9970221235666668,0.6090982003000001,0.0098347078319427,0.0162167990675614,-0.0025007893261358,0.0028462319970124,0.0222131005956015,-0.0019394142036214,0.0062164242456963,-0.0042748939201356,3.644925461126455,0.116149088864636,31.381438259704048,0.0458849874328126,0.0946539597186546,-0.0738916256157635,0.0966887417218542,0.0030914541309998,0.0140926295700369,0.0625840179238237,-0.0357142857142857,-0.0192307692307692,0.1020408163265305,0.5238095238,0.4081632653,1.007584031,0.9958100754,0.0528342680176268,0.0767293781564371,0.0690610588798827,-0.0097868864253829,-0.0627871362940275,-0.1024930747922436
27006,2022-02-28,335441.3561436921,419200.0,385000.0,156.742001841,58.0,77.0,44.0,31.0,1.016256551,0.5344827586,0.6533333333,3.7625,0.895,90711.0,286700.0,878.0,0.8832991641696893,316.0,3607.0,50.036041031327976,7630.0,931332.0,7060.0,0.0145372542526998,0.1259214476844108,0.1031578947368421,0.2513432835820894,-0.0638297872340425,-0.2280701754385965,0.0108418874250621,0.042012703360015,0.0634509889829038,0.4593007380333334,1.0048728784666667,0.6357648669666668,0.0099413298382671,0.0195222850046263,-0.0141092464384067,0.0038366686701929,0.0541749654814789,0.0009005575867949,0.0224904183553887,0.0775602354213105,3.6979126692869895,0.116149088864636,31.83763820650077,0.0506986867336232,0.1836513800324715,-0.1140939597315435,0.015006821282401,0.0056974728624774,0.0080223594550492,0.0444194545965701,0.0362654320987654,-0.2745098039215686,0.0740740740740741,0.4084507042,0.488372093,0.9927042863,1.004575775,0.047670466868986,0.0712293195247062,0.1032741851659366,0.0211730563907273,-0.2941176470588235,0.0116279069767442
