zip,month,prob_down,prob_stable,prob_up,pred_direction,net_direction,verified,cluster,cluster_name
27006,2025-11-30,0.1323422597515543,0.814246615070545,0.0534111251779007,0,-0.0789311345736535,False,0,competitive_mid_market
27009,2025-11-30,0.093997951828509,0.2261293767642605,0.6798726714072304,1,0.5858747195787213,False,0,competitive_mid_market
27011,2025-11-30,0.7378919162998816,0.243455003124866,0.0186530805752524,-1,-0.7192388357246292,False,0,competitive_mid_market
27012,2025-11-30,0.0909143984684682,0.8334513567590608,0.0756342447724709,0,-0.0152801536959972,False,0,competitive_mid_market
27013,2025-11-30,0.1107503836065964,0.6814667304253635,0.20778288596804,0,0.0970325023614435,False,1,affordable_high_demand
27017,2025-11-30,0.0324317880501636,0.2493042984488584,0.718263913500978,1,0.6858321254508144,False,1,affordable_high_demand
27018,2025-11-30,0.6812658129191888,0.2905323585951089,0.0282018284857022,-1,-0.6530639844334865,False,2,moderate_supply_growing
27020,2025-11-30,0.1387899534944216,0.6112992019577588,0.2499108445478195,0,0.1111208910533979,False,2,moderate_supply_growing
27021,2025-11-30,0.0336693233841678,0.7984596993298116,0.1678709772860205,0,0.1342016539018526,False,0,competitive_mid_market
27023,2025-11-30,0.1334761489216912,0.7798132643446245,0.0867105867336843,0,-0.0467655621880069,False,0,competitive_mid_market
27025,2025-11-30,0.4142202678624166,0.5430243466580656,0.0427553854795176,0,-0.371464882382899,False,0,competitive_mid_market
27027,2025-11-30,0.4158712163791905,0.4950835188661066,0.0890452647547029,0,-0.3268259516244876,False,1,affordable_high_demand
27028,2025-11-30,0.1232348007599188,0.7906511943013622,0.086114004938719,0,-0.0371207958211997,False,0,competitive_mid_market
27030,2025-11-30,0.136416664169451,0.7833192768717336,0.0802640589588152,0,-0.0561526052106357,False,2,moderate_supply_growing
27040,2025-11-30,0.258421463461692,0.704976092650244,0.0366024438880639,0,-0.221819019573628,False,0,competitive_mid_market
27041,2025-11-30,0.2419857516065375,0.6209017030390731,0.1371125453543892,0,-0.1048732062521482,False,2,moderate_supply_growing
27043,2025-11-30,0.2085848370411349,0.4851093234122036,0.3063058395466614,0,0.0977210025055265,False,2,moderate_supply_growing
27045,2025-11-30,0.0573347208706152,0.7118570747332177,0.230808204396167,0,0.1734734835255517,False,0,competitive_mid_market
27048,2025-11-30,0.2730672394009438,0.6118804657656137,0.1150522948334424,0,-0.1580149445675013,False,3,low_activity_cooling
27050,2025-11-30,0.1492408275725831,0.673065406441523,0.177693765985894,0,0.0284529384133108,False,0,competitive_mid_market
27051,2025-11-30,0.1837062362299372,0.6992238958246495,0.1170698679454133,0,-0.0666363682845238,False,0,competitive_mid_market
27052,2025-11-30,0.1150322401534124,0.7259132998574869,0.1590544599891005,0,0.044022219835688,False,2,moderate_supply_growing
27053,2025-11-30,0.261400623174077,0.5035517407470033,0.2350476360789197,0,-0.0263529870951572,False,2,moderate_supply_growing
27054,2025-11-30,0.0622201311132654,0.5170425348544726,0.4207373340322619,0,0.3585172029189964,False,2,moderate_supply_growing
27055,2025-11-30,0.1714957048860592,0.7072420028805363,0.1212622922334045,0,-0.0502334126526547,False,0,competitive_mid_market
27101,2025-11-30,0.2273485977843831,0.6033932386362766,0.1692581635793403,0,-0.0580904342050428,False,0,competitive_mid_market
27103,2025-11-30,0.1209664151751873,0.8400064010221647,0.039027183802648,0,-0.0819392313725393,False,0,competitive_mid_market
27104,2025-11-30,0.1177906131391272,0.8202291161029293,0.0619802707579434,0,-0.0558103423811838,False,0,competitive_mid_market
27105,2025-11-30,0.1505011442906892,0.7634904722515126,0.0860083834577982,0,-0.0644927608328909,False,1,affordable_high_demand
27106,2025-11-30,0.1107061798093613,0.7648297449640028,0.1244640752266357,0,0.0137578954172744,False,0,competitive_mid_market
27107,2025-11-30,0.0521789120017379,0.8971384680514098,0.0506826199468522,0,-0.0014962920548856,False,0,competitive_mid_market
27127,2025-11-30,0.0912520327480846,0.8631484599568863,0.0455995072950292,0,-0.0456525254530554,False,0,competitive_mid_market
27203,2025-11-30,0.1108007353522372,0.7668612076044644,0.1223380570432983,0,0.011537321691061,False,0,competitive_mid_market
27205,2025-11-30,0.0937630863324512,0.7665361660084425,0.1397007476591062,0,0.0459376613266549,False,0,competitive_mid_market
27214,2025-11-30,0.1834677570608827,0.7533677179127001,0.0631645250264172,0,-0.1203032320344655,False,0,competitive_mid_market
27215,2025-11-30,0.1776253905969091,0.7788465744032957,0.0435280349997951,0,-0.134097355597114,False,0,competitive_mid_market
27217,2025-11-30,0.1928757758240163,0.757592715262192,0.0495315089137917,0,-0.1433442669102246,False,1,affordable_high_demand
27233,2025-11-30,0.1228301605694357,0.4129195997959884,0.4642502396345758,1,0.3414200790651401,False,0,competitive_mid_market
27235,2025-11-30,0.0865604921766384,0.6571021444375479,0.2563373633858135,0,0.169776871209175,False,0,competitive_mid_market
27239,2025-11-30,0.0645073966458663,0.5819631248703948,0.3535294784837389,0,0.2890220818378725,False,0,competitive_mid_market
27243,2025-11-30,0.4483557570392978,0.4674312791836039,0.0842129637770983,0,-0.3641427932621994,False,2,moderate_supply_growing
27244,2025-11-30,0.4497734618508642,0.5246012251666081,0.0256253129825278,0,-0.4241481488683364,False,0,competitive_mid_market
27248,2025-11-30,0.1513354056127726,0.4978363118200454,0.350828282567182,0,0.1994928769544094,False,2,moderate_supply_growing
27249,2025-11-30,0.0730883272815839,0.7178142348275764,0.2090974378908397,0,0.1360091106092558,False,0,competitive_mid_market
27253,2025-11-30,0.336537014658287,0.5597025086834533,0.1037604766582597,0,-0.2327765380000273,False,0,competitive_mid_market
27258,2025-11-30,0.4287859829864653,0.4817976533865329,0.0894163636270015,0,-0.3393696193594638,False,0,competitive_mid_market
27260,2025-11-30,0.224172933015707,0.7311429777857492,0.0446840891985437,0,-0.1794888438171633,False,0,competitive_mid_market
27262,2025-11-30,0.0867557717985539,0.8459714632924045,0.0672727649090415,0,-0.0194830068895123,False,0,competitive_mid_market
27263,2025-11-30,0.1630178066117324,0.7632467630589072,0.0737354303293603,0,-0.0892823762823721,False,0,competitive_mid_market
27265,2025-11-30,0.1381859255544893,0.7983505275320584,0.0634635469134522,0,-0.0747223786410371,False,0,competitive_mid_market
