PERIOD_BEGIN,PERIOD_END,PERIOD_DURATION,REGION_TYPE,REGION_TYPE_ID,TABLE_ID,IS_SEASONALLY_ADJUSTED,REGION,CITY,STATE,STATE_CODE,PROPERTY_TYPE,PROPERTY_TYPE_ID,MEDIAN_SALE_PRICE,MEDIAN_SALE_PRICE_MOM,MEDIAN_SALE_PRICE_YOY,MEDIAN_LIST_PRICE,MEDIAN_LIST_PRICE_MOM,MEDIAN_LIST_PRICE_YOY,MEDIAN_PPSF,MEDIAN_PPSF_MOM,MEDIAN_PPSF_YOY,MEDIAN_LIST_PPSF,MEDIAN_LIST_PPSF_MOM,MEDIAN_LIST_PPSF_YOY,HOMES_SOLD,HOMES_SOLD_MOM,HOMES_SOLD_YOY,PENDING_SALES,PENDING_SALES_MOM,PENDING_SALES_YOY,NEW_LISTINGS,NEW_LISTINGS_MOM,NEW_LISTINGS_YOY,INVENTORY,INVENTORY_MOM,INVENTORY_YOY,MONTHS_OF_SUPPLY,MONTHS_OF_SUPPLY_MOM,MONTHS_OF_SUPPLY_YOY,MEDIAN_DOM,MEDIAN_DOM_MOM,MEDIAN_DOM_YOY,AVG_SALE_TO_LIST,AVG_SALE_TO_LIST_MOM,AVG_SALE_TO_LIST_YOY,SOLD_ABOVE_LIST,SOLD_ABOVE_LIST_MOM,SOLD_ABOVE_LIST_YOY,PRICE_DROPS,PRICE_DROPS_MOM,PRICE_DROPS_YOY,OFF_MARKET_IN_TWO_WEEKS,OFF_MARKET_IN_TWO_WEEKS_MOM,OFF_MARKET_IN_TWO_WEEKS_YOY,PARENT_METRO_REGION,PARENT_METRO_REGION_METRO_CODE,LAST_UPDATED,zip
2021-06-01,2021-08-31,90,zip code,2,12218,False,Zip Code: 29654,,South Carolina,SC,All Residential,-1,175000.0,0.06382978723,-0.01491697157,180000.0,0.1257035647,0.02857142857,126.9751693,0.2350168443,0.1639390519,110.266159696,0.01761588868,0.07563287347,13.0,-0.2352941176,-0.3157894737,20.0,0.05263157895,0.1764705882,25.0,0.3157894737,0.4705882353,14.0,0.1666666667,0.1666666667,,,,50.0,7.5,-24.0,0.9564205256,-0.01244195493,-0.03084029126,0.3846153846,-0.08597285068,0.06882591093,,,,0.7,0.2263157895,0.4647058824,"Greenville, SC",24860,2026-02-16 14:39:14.119000+00:00,29654
2019-02-01,2019-04-30,90,zip code,2,12317,False,Zip Code: 29841,,South Carolina,SC,Single Family Residential,6,149450.0,-0.06535334584,0.1074472027,163000.0,0.01875,0.09103078983,94.102247248,0.02108991024,0.07133957712,99.916701374,0.03059053673,0.08356086754,132.0,0.2571428571,0.375,153.0,0.275,0.275,145.0,0.03571428571,0.1885245902,138.0,-0.09803921569,0.01470588235,,,,63.0,-5.0,-21.5,0.9727097508,0.00734484436,0.005285395763,0.08333333333,0.01666666667,-0.09375,,,,0.01307189542,0.004738562092,0.004738562092,"Augusta, GA",12260,2026-02-16 14:39:14.119000+00:00,29841
2020-01-01,2020-03-31,90,zip code,2,11306,False,Zip Code: 28114,,North Carolina,NC,Single Family Residential,6,100000.0,-0.1645781119,0.07238605898,99500.0,-0.002006018054,-0.2963224894,60.384058445,-0.2714011346,-0.06590236422,61.174551387,0.06023973692,-0.405697895,6.0,0.0,-0.25,7.0,-0.2222222222,0.0,7.0,0.1666666667,-0.125,8.0,0.1428571429,-0.2,,,,45.5,0.0,-45.5,0.9621934639,-0.009084167594,0.06823657166,0.0,0.0,-0.125,,,,0.4285714286,-0.01587301587,0.2857142857,"Shelby, NC",43140,2026-02-16 14:39:14.119000+00:00,28114
2017-04-01,2017-06-30,90,zip code,2,11516,False,Zip Code: 28420,,North Carolina,NC,All Residential,-1,173500.0,0.5772727273,0.2618181818,230400.0,0.0,0.4633216894,78.863636364,0.1284669421,-0.1776473712,126.186537115,0.0,0.5360383323,3.0,-0.4,-0.25,2.0,-0.5,-0.5,4.0,0.0,-0.3333333333,5.0,-0.1666666667,-0.5454545455,,,,37.0,-43.0,-161.5,0.8365907658,-0.04193279937,-0.1662565184,0.0,-0.2,-0.5,,,,0.0,0.0,0.0,"Myrtle Beach, SC",34820,2026-02-16 14:39:14.119000+00:00,28420
2023-08-01,2023-10-31,90,zip code,2,11359,False,Zip Code: 28216,,North Carolina,NC,Townhouse,13,311865.0,-0.0004487107578,0.04302675585,322385.0,-0.01357016094,0.01560974073,216.074177747,0.0002591596748,0.05877232213,218.943317005,0.02007464577,0.1072589287,46.0,-0.1481481481,0.5333333333,,,,46.0,0.1219512195,0.3939393939,34.0,0.2592592593,0.2592592593,,,,50.5,0.0,17.5,0.9939860972,-0.004038758084,0.001806621811,0.08695652174,-0.06119162641,-0.1463768116,,,,0.3947368421,0.06140350877,0.09170653907,"Charlotte, NC",16740,2026-02-16 14:39:14.119000+00:00,28216
2018-07-01,2018-09-30,90,zip code,2,12122,False,Zip Code: 29541,,South Carolina,SC,Single Family Residential,6,179502.5,-0.04239797279,-0.005512541725,149450.0,-0.003002001334,-0.1203649205,101.420946821,-0.0196518346,0.009170389072,108.815045915,0.005310617742,0.09694029179,26.0,0.08333333333,0.8571428571,26.0,0.08333333333,0.8571428571,10.0,-0.4117647059,-0.3333333333,16.0,-0.2,-0.3043478261,,,,105.5,32.0,20.0,0.9821003627,-0.000318270729,-0.01084112982,0.0,0.0,-0.1428571429,,,,0.03846153846,-0.003205128205,0.03846153846,"Florence, SC",22500,2026-02-16 14:39:14.119000+00:00,29541
2015-08-01,2015-10-31,90,zip code,2,12059,False,Zip Code: 29436,,South Carolina,SC,Single Family Residential,6,150000.0,0.01694915254,0.25,54950.0,-0.215,-0.4956402019,84.615384615,0.01899557637,0.3136538462,43.876667909,-0.2820329686,-0.3856600799,3.0,-0.25,2.0,2.0,-0.3333333333,1.0,2.0,-0.5,-0.6666666667,9.0,-0.1,-0.3076923077,,,,127.0,23.0,15.0,0.9669209992,-0.008269750202,0.1029901137,0.3333333333,0.08333333333,0.3333333333,,,,0.0,0.0,0.0,"Charleston, SC",16700,2026-02-16 14:39:14.119000+00:00,29436
2019-01-01,2019-03-31,90,zip code,2,10757,False,Zip Code: 27022,,North Carolina,NC,Single Family Residential,6,102500.0,,,99995.0,,,113.888888889,,,111.105555556,,,1.0,,,2.0,,,1.0,,,2.0,,,,,,23.0,,,1.025051253,,,1.0,,,,,,0.5,,,"Winston-Salem, NC",49180,2026-02-16 14:39:14.119000+00:00,27022
2025-05-01,2025-07-31,90,zip code,2,11235,False,Zip Code: 28001,,North Carolina,NC,Townhouse,13,216000.0,,0.08,385000.0,,0.6746411483,145.258910558,,-0.3216408877,332.75713051,,1.152282962,1.0,,-0.6666666667,3.0,,0.5,1.0,,-0.8333333333,6.0,,0.5,,,,130.0,,83.0,0.9863013699,,0.01164033662,0.0,,-0.3333333333,,,,0.0,,-0.5,"Albemarle, NC",10620,2026-02-16 14:39:14.119000+00:00,28001
2016-12-01,2017-02-28,90,zip code,2,10785,False,Zip Code: 27103,,North Carolina,NC,All Residential,-1,135500.0,0.03791650709,-0.01454545455,146250.0,0.04538956397,-0.1497093023,82.037940379,-0.007000646664,0.006302344763,91.596550965,0.01817625321,0.02959796835,119.0,0.008474576271,-0.04032258065,158.0,0.1366906475,0.1879699248,132.0,0.1282051282,0.007633587786,144.0,0.006993006993,-0.3513513514,,,,73.0,18.0,6.0,0.9567095239,0.0007802944376,-0.01041673548,0.1764705882,0.006979062812,0.03130929791,,,,0.3670886076,0.1080958018,0.1715998858,"Winston-Salem, NC",49180,2026-02-16 14:39:14.119000+00:00,27103
2020-05-01,2020-07-31,90,zip code,2,12101,False,Zip Code: 29501,,South Carolina,SC,Multi-Family (2-4 Unit),4,120000.0,0.04347826087,0.2,165900.0,0.0,0.8240791644,65.502183406,-0.03036327309,0.2641921397,71.942446043,-0.006075428988,0.3492228814,5.0,0.25,0.0,5.0,0.25,0.0,7.0,0.0,0.75,7.0,0.0,1.333333333,,,,76.5,13.5,15.5,0.9565217391,0.0,0.09828207654,0.0,0.0,0.0,,,,0.4,-0.1,0.4,"Florence, SC",22500,2026-02-16 14:39:14.119000+00:00,29501
2015-01-01,2015-03-31,90,zip code,2,11607,False,Zip Code: 28553,,North Carolina,NC,All Residential,-1,65000.0,0.0,-0.1362126246,58250.0,0.0,-0.3147058824,34.427966102,0.0,-0.182665075,36.792524213,0.0,-0.3350637677,1.0,0.0,-0.5,1.0,0.0,-0.5,2.0,0.0,-0.3333333333,9.0,-0.1,0.5,,,,40.0,0.0,-636.0,0.9090909091,0.0,-0.02000861391,0.0,0.0,0.0,,,,0.0,0.0,0.0,"Morehead City, NC",33980,2026-02-16 14:39:14.119000+00:00,28553
2018-10-01,2018-12-31,90,zip code,2,12264,False,Zip Code: 29710,,South Carolina,SC,All Residential,-1,296450.0,0.09796296296,0.1207939509,310064.5,0.03389296432,0.05106966464,118.354494425,0.008870035238,0.04312435765,126.766768293,-0.000108214698,0.02727718921,144.0,-0.07096774194,-0.02702702703,,,,178.0,0.01714285714,0.0289017341,198.0,-0.02941176471,0.01020408163,,,,73.0,9.0,-7.0,0.9840100308,-0.0002507416096,0.0004628432938,0.1597222222,-0.001568100358,-0.02946696697,,,,0.262195122,-0.004471544715,-0.2044715447,"Charlotte, NC",16740,2026-02-16 14:39:14.119000+00:00,29710
2022-03-01,2022-05-31,90,zip code,2,12236,False,Zip Code: 29676,,South Carolina,SC,Condo/Co-op,3,340500.0,0.03495440729,0.362,375900.0,0.08956521739,0.4513513514,205.150029247,0.1733515958,0.09464959002,250.6,0.046792,0.3238626522,6.0,0.2,-0.5384615385,8.0,0.6,-0.4285714286,13.0,0.4444444444,0.08333333333,5.0,0.6666666667,1.5,,,,36.0,-4.5,-1.0,0.9940222898,0.001195542047,-0.02173653292,0.1666666667,-0.03333333333,-0.3717948718,,,,0.875,-0.125,0.01785714286,"Seneca, SC",42860,2026-02-16 14:39:14.119000+00:00,29676
2021-09-01,2021-11-30,90,zip code,2,11000,False,Zip Code: 27572,,North Carolina,NC,Single Family Residential,6,313500.0,0.045,0.3630434783,349900.0,0.02911764706,0.1861016949,177.347651565,-0.01356538146,0.2748567722,178.258856217,-0.004492849128,0.08003895237,22.0,0.1578947368,-0.04347826087,19.0,0.1176470588,-0.09523809524,21.0,-0.08695652174,0.1052631579,10.0,0.1111111111,-0.4117647059,,,,42.0,-1.0,-2.0,1.035758402,0.0001310294316,0.02459499249,0.6818181818,-0.05502392344,0.2035573123,,,,0.4736842105,-0.05572755418,0.1403508772,"Durham, NC",20500,2026-02-16 14:39:14.119000+00:00,27572
2023-03-01,2023-05-31,90,zip code,2,12008,False,Zip Code: 29360,,South Carolina,SC,All Residential,-1,195000.0,0.08333333333,-0.03100775194,228250.0,0.01444444444,0.2593103448,110.115236876,0.02127295497,-0.09457534931,142.212663068,0.0009775828769,0.2154289863,33.0,0.03125,-0.45,51.0,0.1086956522,-0.15,62.0,0.3777777778,0.0,56.0,0.2727272727,0.6470588235,,,,48.0,-16.5,0.0,0.9615305576,0.004954503224,-0.032513165,0.2121212121,-0.006628787879,-0.2045454545,,,,0.5098039216,0.07502131287,-0.1235294118,"Greenville, SC",24860,2026-02-16 14:39:14.119000+00:00,29360
2021-03-01,2021-05-31,90,zip code,2,11356,False,Zip Code: 28213,,North Carolina,NC,Single Family Residential,6,295000.0,0.08256880734,0.2553191489,294950.0,0.02058823529,0.2604700855,141.25271737,0.02336683266,0.212847196,143.427520407,0.04733678249,0.2222729617,104.0,0.1182795699,0.3506493506,,,,112.0,0.05660377358,-0.1384615385,36.0,0.09090909091,-0.4929577465,,,,13.0,5.0,-19.0,1.024797981,0.00679214503,0.03299162546,0.6826923077,0.06978908189,0.2800949051,,,,0.8818181818,-0.01138570168,0.1791154791,"Charlotte, NC",16740,2026-02-16 14:39:14.119000+00:00,28213
2018-02-01,2018-04-30,90,zip code,2,11564,False,Zip Code: 28479,,North Carolina,NC,Townhouse,13,196250.0,0.1056338028,0.2620578778,164500.0,-0.1649746193,0.1274845785,118.827818605,0.02225691146,0.04706705754,123.777276147,0.0008994969692,0.09386607781,2.0,0.0,0.0,2.0,0.0,0.0,3.0,0.0,-0.5,7.0,0.0,0.0,,,,127.5,30.0,37.5,0.9758883249,-0.007982642869,0.002147814176,0.0,0.0,0.0,,,,0.0,0.0,0.0,"Myrtle Beach, SC",34820,2026-02-16 14:39:14.119000+00:00,28479
2024-07-01,2024-09-30,90,zip code,2,12338,False,Zip Code: 29906,,South Carolina,SC,Townhouse,13,267750.0,-0.02813067151,0.1393617021,274999.0,0.05809542132,-0.04331535919,209.28030303,-0.003427128427,0.2040458594,227.272727273,0.09121518212,0.1237697357,15.0,-0.347826087,0.0,11.0,-0.2142857143,0.0,5.0,-0.4444444444,-0.6875,5.0,-0.2857142857,-0.6153846154,,,,93.0,3.0,45.0,0.9902467765,-0.007399348529,-0.01087346107,0.0,-0.1739130435,-0.2666666667,,,,0.09090909091,-0.1948051948,-0.2727272727,"Hilton Head Island, SC",25940,2026-02-16 14:39:14.119000+00:00,29906
2020-09-01,2020-11-30,90,zip code,2,10915,False,Zip Code: 27406,,North Carolina,NC,All Residential,-1,163000.0,-0.02395209581,0.1088435374,164500.0,0.02876797999,0.04179860671,100.216546363,-0.02773786069,0.1107760478,107.285333797,0.01126127555,0.130490883,182.0,0.005524861878,0.1446540881,180.0,-0.1262135922,0.125,159.0,-0.1497326203,0.03921568627,75.0,-0.1176470588,-0.3181818182,,,,26.0,0.0,-7.5,0.9875663555,-0.003024494235,0.02236664151,0.4450549451,-0.01350859086,0.1305895362,,,,0.7,-0.01844660194,0.21875,"Greensboro, NC",24660,2026-02-16 14:39:14.119000+00:00,27406
2017-01-01,2017-03-31,90,zip code,2,11979,False,Zip Code: 29307,,South Carolina,SC,All Residential,-1,148250.0,-0.09878419453,0.2437080537,144900.0,0.09855951478,0.05612244898,70.783195662,-0.03659411943,0.03214768948,69.763205829,-0.004355083363,-0.05594818811,56.0,0.1666666667,0.3023255814,54.0,0.125,0.2857142857,57.0,0.2666666667,-0.109375,58.0,-0.09375,-0.431372549,,,,87.5,-16.0,-8.5,0.9626878907,0.005930001483,-0.01208639574,0.1071428571,0.002976190476,0.06063122924,,,,0.07407407407,0.01157407407,0.02645502646,"Spartanburg, SC",43900,2026-02-16 14:39:14.119000+00:00,29307
2019-01-01,2019-03-31,90,zip code,2,11776,False,Zip Code: 28751,,North Carolina,NC,Single Family Residential,6,239500.0,-0.02741116751,0.01268498943,249900.0,0.03072798515,0.1168715084,148.062434007,0.0,0.004421115006,171.875,-0.03591543738,0.1477986857,40.0,0.05263157895,0.25,63.0,0.26,0.2352941176,57.0,0.9,-0.08064516129,85.0,0.1333333333,-0.1326530612,,,,161.5,5.5,-57.0,0.9471680199,-0.003552454243,0.001690373725,0.0,0.0,-0.0625,,,,0.3015873016,0.1015873016,0.06629318394,"Asheville, NC",11700,2026-02-16 14:39:14.119000+00:00,28751
2025-02-01,2025-04-30,90,zip code,2,10962,False,Zip Code: 27524,,North Carolina,NC,Single Family Residential,6,345000.0,-0.00289017341,-0.01988636364,354950.0,-0.02404487276,0.03183139535,184.494047619,0.0001613423685,-0.03802016737,180.329264158,-0.02539782161,-0.0639396975,75.0,0.2295081967,0.3888888889,80.0,-0.1304347826,0.3793103448,94.0,0.06818181818,0.593220339,110.0,0.1111111111,0.6666666667,,,,91.5,0.5,25.5,0.9892575516,0.003355611858,-0.0100926566,0.1733333333,0.04218579235,-0.01185185185,,,,0.2375,-0.0125,-0.003879310345,"Raleigh, NC",39580,2026-02-16 14:39:14.119000+00:00,27524
2019-04-01,2019-06-30,90,zip code,2,11609,False,Zip Code: 28555,,North Carolina,NC,Single Family Residential,6,168000.0,-0.00296735905,0.5398716774,164900.0,-0.01375598086,0.1089441829,109.727164887,-0.045522287,0.6215512975,109.629468731,0.0,0.1882983901,23.0,0.04545454545,0.4375,23.0,0.04545454545,0.4375,34.0,-0.1052631579,1.428571429,42.0,0.05,0.3548387097,,,,67.0,10.0,-55.0,0.9882785388,0.003628583204,0.02388439356,0.2173913043,0.03557312253,0.09239130435,,,,0.04347826087,0.04347826087,0.04347826087,"New Bern, NC",35100,2026-02-16 14:39:14.119000+00:00,28555
2019-01-01,2019-03-31,90,zip code,2,12247,False,Zip Code: 29687,,South Carolina,SC,Single Family Residential,6,206500.0,0.01724137931,0.06306306306,215000.0,0.0002326122354,0.001630561379,111.830488523,0.02884049441,0.08295938582,115.505090055,0.006479350719,0.0537793662,121.0,0.1100917431,-0.0546875,171.0,0.1875,0.08917197452,175.0,0.2773722628,0.08024691358,197.0,0.02604166667,0.322147651,,,,77.0,14.0,24.0,0.9936127801,0.002665125587,0.008069721552,0.2314049587,0.02039578437,-0.04203254132,,,,0.4093567251,0.0274122807,-0.1193056952,"Greenville, SC",24860,2026-02-16 14:39:14.119000+00:00,29687
2014-01-01,2014-03-31,90,zip code,2,11638,False,Zip Code: 28602,,North Carolina,NC,Multi-Family (2-4 Unit),4,33500.0,0.0,,,,,17.197125257,0.0,,,,,1.0,0.0,,1.0,0.0,,,,,2.0,-0.3333333333,,,,,112.0,0.0,,0.8170731707,0.0,,0.0,0.0,,,,,0.0,0.0,,"Hickory, NC",25860,2026-02-16 14:39:14.119000+00:00,28602
2015-09-01,2015-11-30,90,zip code,2,41999,False,Zip Code: 29486,,South Carolina,SC,All Residential,-1,245000.0,0.071963772,0.1611649565,250000.0,0.006481742421,0.1186057698,103.773584906,0.0004485521091,0.095249246,105.826730968,0.001296275253,0.09656257405,201.0,-0.08636363636,0.1686046512,160.0,-0.01840490798,-0.05882352941,241.0,0.02991452991,0.1367924528,355.0,0.0113960114,0.3246268657,,,,106.0,8.0,5.0,0.996645652,0.006285662504,0.005521573205,0.2686567164,0.01411126187,0.07098229781,,,,0.25625,0.01085122699,0.15625,"Charleston, SC",16700,2026-02-16 14:39:14.119000+00:00,29486
2018-02-01,2018-04-30,90,zip code,2,11518,False,Zip Code: 28422,,North Carolina,NC,Single Family Residential,6,229995.0,-0.03363445378,0.4286291074,230000.0,-0.006779807402,0.3496464513,108.830137081,-0.05334385273,0.06917126687,118.990971853,0.003466352812,0.148242076,44.0,0.4666666667,0.1891891892,44.0,0.4666666667,0.1891891892,61.0,-0.1408450704,-0.39,108.0,-0.1,-0.28,,,,204.0,87.5,5.0,0.9845803711,-0.002893087078,0.004799766763,0.2045454545,0.004545454545,-0.0386977887,,,,0.0,0.0,-0.02702702703,"Myrtle Beach, SC",34820,2026-02-16 14:39:14.119000+00:00,28422
2020-06-01,2020-08-31,90,zip code,2,10854,False,Zip Code: 27284,,North Carolina,NC,Single Family Residential,6,256500.0,0.02069239952,0.1152173913,229950.0,-0.0366568915,0.022,115.357395612,0.01912902018,0.06102579895,116.795160004,0.006466330583,0.0493868164,294.0,0.05,0.08888888889,272.0,-0.03202846975,-0.02508960573,237.0,-0.01659751037,-0.1855670103,145.0,-0.02027027027,-0.2961165049,,,,33.0,0.0,-2.0,1.00099274,0.0005606507113,0.008744695316,0.4183673469,-0.00306122449,0.07021919879,,,,0.6213235294,0.01634132301,0.06576797386,"Winston-Salem, NC",49180,2026-02-16 14:39:14.119000+00:00,27284
2021-04-01,2021-06-30,90,zip code,2,11289,False,Zip Code: 28091,,North Carolina,NC,All Residential,-1,130000.0,,,124500.0,,,85.213414634,,,93.511450382,,,2.0,,,,,,7.0,,,5.0,,,,,,43.0,,,1.050175591,,,1.0,,,,,,0.8,,,"Charlotte, NC",16740,2026-02-16 14:39:14.119000+00:00,28091
2024-12-01,2025-02-28,90,zip code,2,11262,False,Zip Code: 28040,,North Carolina,NC,Single Family Residential,6,260000.0,0.1504424779,0.4364640884,265000.0,-0.01851851852,0.3151364764,178.475935829,0.09228855256,0.4239485475,175.906183369,-0.0815184051,0.1676111737,13.0,0.08333333333,0.1818181818,9.0,-0.25,-0.4375,15.0,0.07142857143,0.07142857143,18.0,0.0,0.125,,,,87.0,-2.5,30.0,0.9587791864,0.01419759947,0.05279747505,0.1538461538,0.07051282051,0.06293706294,,,,0.3333333333,0.0,0.1458333333,"Forest City, NC",22580,2026-02-16 14:39:14.119000+00:00,28040
2021-08-01,2021-10-31,90,zip code,2,11517,False,Zip Code: 28421,,North Carolina,NC,Single Family Residential,6,154900.0,-0.1392053348,-0.09415204678,287000.0,0.04363636364,1.20939184,122.727272727,0.1040640908,0.4612440191,180.352941176,0.2817725753,0.2578888738,3.0,-0.25,0.0,3.0,-0.25,0.0,6.0,-0.3333333333,5.0,7.0,-0.125,1.333333333,,,,59.0,-25.5,-279.0,0.9604156885,-0.01512620339,0.01539407173,0.0,-0.25,-0.3333333333,,,,0.0,0.0,0.0,"Wilmington, NC",48900,2026-02-16 14:39:14.119000+00:00,28421
2023-11-01,2024-01-31,90,zip code,2,10912,False,Zip Code: 27403,,North Carolina,NC,Single Family Residential,6,267500.0,-0.06140350877,0.2159090909,297250.0,0.0285467128,0.06560315469,193.477059149,-0.02841881623,0.1150131694,200.880088009,0.0005479452055,0.05549011818,53.0,-0.03636363636,0.6060606061,49.0,-0.05769230769,0.6896551724,56.0,-0.08196721311,1.0,36.0,0.09090909091,1.4,,,,31.0,1.0,6.0,0.9717217406,-0.003371575872,-0.01786164935,0.2452830189,0.02710120069,-0.1183533448,,,,0.4897959184,-0.02943485086,-0.02744546094,"Greensboro, NC",24660,2026-02-16 14:39:14.119000+00:00,27403
2014-03-01,2014-05-31,90,zip code,2,11276,False,Zip Code: 28075,,North Carolina,NC,All Residential,-1,245000.0,0.01659751037,0.02083333333,279900.0,0.01818843216,0.01781818182,90.62170706,-0.002055949548,0.03640911588,97.50667854,0.001389955969,0.02030723681,69.0,0.1694915254,-0.06756756757,,,,139.0,0.2086956522,0.1583333333,194.0,0.2125,0.2597402597,,,,118.0,0.0,21.5,0.9683397469,-0.0005226123625,-0.003943924041,0.1014492754,-0.01719479243,-0.1012534273,,,,0.1685393258,-0.0001353729525,-0.06146067416,"Charlotte, NC",16740,2026-02-16 14:39:14.119000+00:00,28075
2017-10-01,2017-12-31,90,zip code,2,12190,False,Zip Code: 29624,,South Carolina,SC,All Residential,-1,68900.0,0.6682808717,0.2771084337,60000.0,-0.1428571429,-0.2105263158,46.575342466,0.7177158689,0.1653546906,45.0,-0.1296928328,-0.2285714286,27.0,-0.1,0.2272727273,27.0,-0.2058823529,0.08,33.0,-0.08333333333,0.4347826087,41.0,-0.02380952381,-0.1086956522,,,,68.0,5.5,-24.5,0.9132251998,0.01380805512,0.006471752633,0.1481481481,0.04814814815,0.05723905724,,,,0.2962962963,0.1198257081,0.2162962963,"Greenville, SC",24860,2026-02-16 14:39:14.119000+00:00,29624
2024-12-01,2025-02-28,90,zip code,2,10871,False,Zip Code: 27312,,North Carolina,NC,All Residential,-1,642385.0,0.01967491547,0.1374256114,722330.5,0.0333769671,0.2347529915,267.79818579,0.02999302227,0.08349571835,269.266289676,0.002530331005,0.08537712366,92.0,-0.1559633028,-0.1153846154,105.0,0.05,-0.07079646018,114.0,0.3103448276,-0.06557377049,137.0,0.1709401709,-0.02142857143,,,,62.5,-8.0,-13.0,0.9959950406,-0.001289439343,0.001388320837,0.25,0.002293577982,0.06730769231,,,,0.3428571429,0.04285714286,0.07737041719,"Durham, NC",20500,2026-02-16 14:39:14.119000+00:00,27312
2023-12-01,2024-02-29,90,zip code,2,11741,False,Zip Code: 28716,,North Carolina,NC,Single Family Residential,6,327500.0,-0.03676470588,0.08985024958,344900.0,-0.1133676093,0.03744924049,209.621993127,-0.0147766323,0.1607324147,221.636085627,-0.01322861644,-0.07294606135,49.0,-0.07547169811,-0.1551724138,48.0,-0.07692307692,-0.1724137931,33.0,-0.1538461538,0.0,40.0,-0.09090909091,-0.2857142857,,,,70.0,4.0,-10.5,0.9692726658,-0.01895768925,0.01797712355,0.1428571429,-0.1401617251,0.004926108374,,,,0.3125,0.02403846154,0.05387931034,"Asheville, NC",11700,2026-02-16 14:39:14.119000+00:00,28716
2020-12-01,2021-02-28,90,zip code,2,12096,False,Zip Code: 29485,,South Carolina,SC,Townhouse,13,201835.0,0.03505128205,0.1734593023,231150.0,0.005437146585,0.216899184,131.169704189,0.03579243312,0.1076552798,145.635738832,0.01079074951,0.183627208,38.0,-0.07317073171,0.52,61.0,0.08928571429,1.033333333,62.0,0.3777777778,0.7222222222,67.0,0.4565217391,0.5952380952,,,,56.5,7.5,-11.0,0.9999258284,-0.003202586272,0.00979331768,0.3421052632,-0.04813863928,0.1821052632,,,,0.6229508197,0.1050936768,0.1229508197,"Charleston, SC",16700,2026-02-16 14:39:14.119000+00:00,29485
2024-05-01,2024-07-31,90,zip code,2,12065,False,Zip Code: 29445,,South Carolina,SC,Single Family Residential,6,345000.0,0.004121262923,0.08490566038,352900.0,0.004125764689,0.06939393939,198.317703509,0.0006806045371,-0.02461208359,208.333333333,0.004979872028,0.03303484085,192.0,0.08474576271,0.04918032787,193.0,-0.07211538462,0.01047120419,227.0,0.004424778761,0.1947368421,179.0,0.02285714286,0.4435483871,,,,50.5,1.5,4.5,0.993482745,-0.001608969446,0.0009895244531,0.2864583333,0.02092161017,-0.003159153005,,,,0.4766839378,-0.08100836987,-0.1934731302,"Charleston, SC",16700,2026-02-16 14:39:14.119000+00:00,29445
2025-09-01,2025-11-30,90,zip code,2,11204,False,Zip Code: 27947,,North Carolina,NC,Single Family Residential,6,320000.0,0.01667990469,-0.1023842917,379900.0,0.1029176949,0.504852446,277.777777778,0.07700592353,0.105982906,199.947368421,-0.1458462634,-0.07541034736,1.0,-0.75,-0.5,6.0,2.0,0.0,4.0,0.0,0.0,4.0,0.0,-0.4285714286,,,,67.0,4.0,22.0,1.035598706,0.03885925802,0.08617423767,1.0,0.75,1.0,,,,0.1666666667,-0.3333333333,-0.1666666667,"Virginia Beach, VA",47260,2026-02-16 14:39:14.119000+00:00,27947
2017-01-01,2017-03-31,90,zip code,2,12258,False,Zip Code: 29702,,South Carolina,SC,Single Family Residential,6,83900.0,3.794285714,-0.1750245821,82100.0,0.0,-0.2529572338,40.926829268,2.723172125,-0.0889668396,78.942307692,0.0,0.1876575757,1.0,0.0,-0.75,2.0,1.0,-0.6,9.0,0.0,3.5,17.0,0.0625,0.7,,,,203.0,132.0,-86.5,1.120160214,,0.1948036027,1.0,1.0,0.75,,,,0.0,0.0,0.0,"Gaffney, SC",23500,2026-02-16 14:39:14.119000+00:00,29702
2022-03-01,2022-05-31,90,zip code,2,10783,False,Zip Code: 27101,,North Carolina,NC,Condo/Co-op,3,332500.0,0.5045248869,0.3854166667,519499.5,0.4842842857,0.8620053763,291.332297291,0.2343713947,0.2712682064,310.386332909,0.02478372865,0.2629393868,16.0,0.2307692308,0.06666666667,14.0,-0.125,-0.06666666667,18.0,-0.05263157895,-0.28,7.0,-0.125,-0.65,,,,26.0,-7.0,-5.0,1.007150598,0.004801190187,0.03473862973,0.5,0.03846153846,0.3666666667,,,,0.7142857143,-0.03571428571,0.2476190476,"Winston-Salem, NC",49180,2026-02-16 14:39:14.119000+00:00,27101
2017-08-01,2017-10-31,90,zip code,2,12154,False,Zip Code: 29582,,South Carolina,SC,Townhouse,13,195000.0,0.1079545455,-0.2427184466,238500.0,-0.08233936129,-0.06908665105,127.222222222,0.08845679012,-0.09349547189,126.656716418,-0.02063435332,-0.1196263152,23.0,-0.08,0.04545454545,35.0,0.1290322581,0.6666666667,29.0,-0.06451612903,-0.275,34.0,-0.15,-0.4848484848,,,,63.0,-7.0,-106.5,0.9797877427,0.01221213618,0.01835318472,0.1304347826,0.05043478261,0.08498023715,,,,0.08571428571,0.02119815668,0.08571428571,"Myrtle Beach, SC",34820,2026-02-16 14:39:14.119000+00:00,29582
2012-03-01,2012-05-31,90,zip code,2,12215,False,Zip Code: 29651,,South Carolina,SC,All Residential,-1,153000.0,0.03728813559,-0.02857142857,180000.0,-0.02702702703,0.03004291845,75.921908894,0.006413621276,-0.05709823097,87.957746479,0.01279956087,0.01149301174,141.0,0.1102362205,0.3301886792,139.0,0.112,0.3365384615,203.0,0.08556149733,0.03571428571,310.0,0.02310231023,-0.111747851,,,,121.0,-30.0,-15.0,0.9594002833,0.009357842971,0.006649229354,0.1489361702,0.007203886748,0.01686069851,,,,0.0,0.0,0.0,"Greenville, SC",24860,2026-02-16 14:39:14.119000+00:00,29651
2013-03-01,2013-05-31,90,zip code,2,10981,False,Zip Code: 27545,,North Carolina,NC,Single Family Residential,6,164700.0,0.012292563,-0.02457802784,172500.0,-0.04113396331,-0.01400400114,85.538461538,0.0293395407,0.09879551293,87.707317073,0.03206570112,0.02263080979,103.0,0.3376623377,0.4305555556,136.0,0.1333333333,0.8630136986,165.0,0.1538461538,-0.006024096386,154.0,-0.07228915663,-0.3446808511,,,,97.0,-35.0,-40.5,0.9967233398,-0.001064165846,0.0164637355,0.3009708738,0.02824360106,0.07874865156,,,,0.1985294118,-0.009803921569,0.1848307816,"Raleigh, NC",39580,2026-02-16 14:39:14.119000+00:00,27545
2015-12-01,2016-02-29,90,zip code,2,11356,False,Zip Code: 28213,,North Carolina,NC,Multi-Family (2-4 Unit),4,192500.0,-0.1444444444,,,,,66.372711378,0.2177180114,,,,,2.0,1.0,,,,,,,,,,,,,,136.5,4.5,,0.9661290323,0.06612903226,,0.5,0.5,,,,,0.0,0.0,,"Charlotte, NC",16740,2026-02-16 14:39:14.119000+00:00,28213
2020-08-01,2020-10-31,90,zip code,2,12008,False,Zip Code: 29360,,South Carolina,SC,Single Family Residential,6,142990.0,0.0,0.07192923273,162990.0,0.02194494953,0.1646302251,87.354397105,-0.006068229131,0.04640583949,91.473988439,-0.04712212059,0.07001683736,49.0,0.0,-0.234375,68.0,0.0303030303,-0.1052631579,53.0,-0.1016949153,-0.196969697,50.0,0.0,-0.2307692308,,,,63.0,-26.0,5.0,0.960948407,0.007914119033,-0.01313582049,0.1632653061,0.0,0.03826530612,,,,0.4558823529,0.001336898396,0.1927244582,"Greenville, SC",24860,2026-02-16 14:39:14.119000+00:00,29360
2020-06-01,2020-08-31,90,zip code,2,10939,False,Zip Code: 27501,,North Carolina,NC,All Residential,-1,246450.0,-0.0142,0.05343022013,251517.5,0.008308444747,0.1178555556,128.996907307,0.04220062306,0.09596344236,133.914152914,-0.01533695168,0.1198888752,118.0,0.3258426966,0.1132075472,171.0,0.1176470588,0.6764705882,148.0,0.02777777778,0.6086956522,91.0,0.01111111111,0.09638554217,,,,55.0,-2.0,-10.0,0.9917657657,-0.003958760575,0.007972384713,0.2542372881,-0.02666158827,0.008954269268,,,,0.3801169591,-0.01203990368,0.2624699002,"Fayetteville, NC",22180,2026-02-16 14:39:14.119000+00:00,27501
2014-06-01,2014-08-31,90,zip code,2,11925,False,Zip Code: 29161,,South Carolina,SC,Multi-Family (2-4 Unit),4,44900.0,0.0,,,,,,,,,,,1.0,0.0,,1.0,0.0,,,,,,,,,,,99.0,0.0,,,,,0.0,0.0,,,,,0.0,0.0,,"Florence, SC",22500,2026-02-16 14:39:14.119000+00:00,29161
2013-10-01,2013-12-31,90,zip code,2,11025,False,Zip Code: 27606,,North Carolina,NC,Townhouse,13,154000.0,-0.01250400769,-0.03144654088,153000.0,0.03378378378,0.1212898498,103.597122302,0.08388497801,0.02345613442,104.16988417,0.0,0.007176137611,27.0,-0.1,-0.2702702703,32.0,0.06666666667,-0.2,31.0,-0.06060606061,0.7222222222,49.0,-0.09259259259,0.4848484848,,,,85.0,6.5,-20.0,0.9755103891,0.0009579465972,-0.003546320441,0.2222222222,0.02222222222,0.06006006006,,,,0.09375,-0.03958333333,-0.00625,"Raleigh, NC",39580,2026-02-16 14:39:14.119000+00:00,27606
