zip,month,shap_home_value_index,shap_median_sale_price,shap_median_list_price,shap_median_price_per_sqft,shap_homes_sold,shap_new_listings,shap_inventory,shap_avg_sale_to_list_ratio,shap_pct_sold_above_list,shap_pct_off_market_in_2wks,shap_median_household_income,shap_median_owner_home_value,shap_median_gross_rent,shap_tax_returns_filed,shap_adjusted_gross_income,shap_taxable_interest_income,shap_home_value_mom_pct,shap_home_value_yoy_pct,shap_inventory_yoy_pct,shap_home_value_mom_3m_avg,shap_inventory_mom_3m_avg,shap_off_market_2wk_3m_avg,shap_home_value_mom_12m_avg,shap_inventory_mom_12m_avg,shap_home_value_mom_3m_std,shap_home_value_accel,shap_price_to_income_ratio,shap_price_to_rent_ratio,shap_home_value_vs_baseline,shap_inventory_vs_baseline,shap_dom_vs_baseline,shap_home_value_mom_pct_lag3,shap_home_value_mom_pct_lag6,shap_pct_sold_above_list_lag3,shap_pct_sold_above_list_lag6,shap_avg_sale_to_list_ratio_lag6,shap_home_value_vs_baseline_lag3,shap_home_value_vs_baseline_lag6,shap_inventory_vs_baseline_lag3,shap_base
27006,2021-01-31,0.1167093399685039,0.1570479270650612,0.0401713885154942,-0.0414942887345238,0.1955941448618954,0.1071563024169666,0.1156888723490582,-0.050020474660161,0.107131833519632,0.2773941249736036,0.6332486514497073,0.4404892345758102,-0.1989728098505989,0.0336514975187871,-0.0584399016917045,-0.2211468313450338,1.6949798692101443,-0.0292307098447778,-0.2300217593147475,0.0185087692826792,0.0819518463566144,0.1537948257147702,0.0435217831136992,-0.1312194707523413,-0.0699263157772251,0.2990902048093001,-0.0776180263513148,0.0312611359708204,0.1252692829004851,-0.0049519639369047,0.033545033514306,0.2601848967953197,0.1083761261705362,-0.0436475446647714,0.1081244766934498,-0.0484830323025205,0.0641884580631895,0.1396962961254415,-0.1979115046586651,-1.8639320253359244
27006,2021-02-28,0.1158762337159529,0.1517141971547578,0.0116691386765661,0.1143778297766529,0.095015604856128,0.1006315806749823,0.1267331654842966,0.0298545803294112,0.4663669378024471,0.3397949211916875,0.6331824677925025,0.4327622173705654,-0.2009979834306751,0.0386911968700494,-0.0464519852561751,-0.2324545795810108,1.668214827089658,-0.0310804486823688,-0.0791463894957512,0.0094507225924655,0.0460098480691822,0.1900443884265501,0.0492144575738584,-0.1620110854008295,-0.0295217178873273,0.200717509788423,-0.0571917968318214,0.0472878156871745,0.1552725237330048,0.0010508328916118,0.0990254035697717,0.2429277601284835,0.1850054051390295,-0.0365818158878079,-0.22001916337855,-0.0503642850963816,0.2267042663311434,0.0863957320827438,-0.2301345134001965,-1.8639320253359244
27006,2021-03-31,0.0995641151541341,0.1683288519582084,-0.0149308957333949,0.1632583433581169,0.0986495932213143,0.1194908126549888,0.1009367378532295,0.1123462359012191,0.5559529291690143,0.3630509234626728,0.6982619192040065,0.3976110748696588,-0.2272863748044216,0.0196124376560894,-0.0662371144553784,-0.2567141260564514,1.2341658771664086,-0.0294415816547841,-0.2237332490763547,0.0021791752106594,-0.0653611314809537,0.1677792325685888,0.0501995426768644,-0.1486571003368551,0.0202270242572643,-0.0657843327747227,-0.0530356139410791,0.0199975991939396,0.1082613139292826,-0.0067593010140962,0.1299239078425088,0.2265444803296745,0.2319542286211593,-0.0462974514922728,-0.2740127001659675,-0.0492006470571635,-0.0825329626660958,-0.140592729010033,-0.2522101672760909,-1.8639320253359244
27006,2021-04-30,0.0870593557812575,0.1919064261259501,-0.0309548744879908,0.2123294600054818,0.1417441318572148,0.121024448190997,0.1012043383378071,0.4152124340950514,0.5203360622406485,0.3755008648360593,0.7022874190325279,0.3982678276188838,-0.2150556895764687,0.0102520868150052,-0.0553362232359465,-0.2417183186763395,1.256883582138851,-0.0294871730869084,-0.2136452893876477,-0.0102160280758833,-0.0037276986394115,0.1654064176658521,0.0460244990176998,-0.1361328151472877,-0.0743748255388894,-0.0722098972007117,-0.0483745524849216,0.0306499360328358,0.0845554387806879,-0.0156390250607599,0.1402339203319988,0.2263608799155059,0.2036931175457372,-0.0575141964904719,-0.2528725402228421,-0.0341714887263459,-0.0829631860003587,-0.33479669678328,-0.2268678806424087,-1.8639320253359244
27006,2021-05-31,0.0760084804706551,0.1745895320081369,0.0193609331915301,0.201665305164742,0.4520170157411505,0.1211349334450303,0.1310191243302245,0.2713788841276507,0.5815418470586382,0.3760000967824434,0.675362195288343,0.4203513172628331,-0.2065596403190648,0.0441858226639676,-0.0471460525171082,-0.2112419671986937,1.4914982846707436,-0.0293734933568658,-0.2780884165319984,-0.0060281920647237,0.0637026567171411,0.1683746995391171,0.0468096938726711,-0.1309085988530474,0.0078157726925855,-0.0662323616937786,-0.0409666206650009,0.0558184323546649,0.1135110813745158,-0.0138669127194927,0.1246071704227346,0.2072320066958825,0.2136860698083715,-0.0558845893219235,-0.2614192676724646,-0.0343982008975097,-0.0922874029261328,-0.3564766961782581,-0.2207700510610651,-1.8639320253359244
27006,2021-06-30,0.074196864637931,0.1787124489188669,0.0428968283921961,0.1973954525901793,0.4966369723378275,0.1088387327879684,0.115565096708826,0.079666537900369,0.5847700883428898,0.3483771162318979,0.6826406460942811,0.3023915892427933,-0.2097315842989819,0.0439348489321991,-0.0478022458625165,-0.2019061403993321,1.630886809787368,-0.040041511812769,-0.2960847061094096,0.0200367184564901,0.062554901723209,0.1747821062159206,0.045875634717341,-0.1630052502524322,0.065145858624731,-0.0478658712521684,-0.0447232914714769,0.0426814304740401,0.1038641644205819,-0.006962554203698,0.12551305276876,0.1211792827916364,0.2213230155462554,-0.2032695418079659,-0.2296288197008457,-0.0381075204638328,-0.0836293250756896,-0.6596349718702784,-0.2114190517221153,-1.8639320253359244
27006,2021-07-31,0.1006987499917427,0.1706738090936137,-0.0662862062797956,0.2162225230702054,0.4054863775378529,0.1210598074942238,0.1503725203255951,0.1078190312382572,0.5572489758896843,0.3194401445672805,0.6311905266830656,0.3337425628196359,-0.2128858634851381,0.044193082981083,-0.0566903704966123,-0.1957493056210576,1.5546871462524452,-0.0298686096946646,-0.2262952694572026,-0.016732325082777,-0.0894312694339761,0.1675728457232998,0.0277429300460913,-0.1592689676219526,-0.0505871736068061,-0.060535138175799,-0.0120020553157417,0.0269631617489289,0.0744940592843233,0.0115259169250366,0.1189605280988609,0.1747077847448116,0.2061029688435142,-0.3112518120756224,-0.2576833132557805,-0.022330171081,-0.0790865391946572,-0.830651309332952,-0.2077801143566322,-1.8639320253359244
27006,2021-08-31,-0.0391649055987121,0.1846463336761782,-0.014225858466349,0.1838577925495578,0.0194347427022316,0.1194540651310434,0.0874997879411167,0.3926053903418512,0.7220808282517415,0.4252325010483545,0.7271602995373962,0.0867855574167437,-0.1856123534450342,0.0088818201644674,-0.0623675650964979,-0.2027379731254637,0.0995778484950829,-0.0311961432482939,-0.096446558547465,-0.0381504334742748,-0.1124133155248135,0.1410759027893099,0.0267559230334655,-0.1068772965035911,0.3162880304361259,-0.0368746747387969,-0.0167219642275142,0.0406580830471061,0.1042540849150895,0.0308228848290839,0.1855003004182582,0.0818999444054901,0.1886881767179636,-0.0486757653308699,-0.2694481740367214,-0.0142597510782422,-0.1295653177969933,-0.8001329635216751,-0.2435163902937541,-1.8639320253359244
27006,2021-09-30,-0.0633905531917697,0.1641531456936804,-0.0102743284356553,0.1637855858272995,-0.1448124943355631,0.1018296421999879,0.0658285312337586,0.148493619325127,0.7218725474636635,0.4667812687848476,0.543480290301793,0.0780371709173902,-0.1891872655006871,0.018095414294715,-0.0633107301874172,-0.2167311158081258,-0.7420731611752484,-0.0309422270234622,-0.0518461148097698,0.0017622599825438,-0.0912485279926963,0.1120440484991617,0.0262512848588402,-0.0977818567589868,0.317224316410242,-0.0370418592343249,-0.0221267606199001,0.0625000742657449,0.0844046616729077,0.0180572087045552,0.2028621548125728,0.1452585271006546,0.1795181055804136,-0.0470601074641032,-0.2827782051320156,-0.1238269685169567,-0.1111108724884193,-0.7660978316306302,-0.2881198860057671,-1.8639320253359244
27006,2021-10-31,-0.0522363038117065,0.1956459240291543,-0.0022972257966526,0.1779830111028993,-0.2372490393640502,0.0885475707185942,0.0637242267483762,0.2085817232454877,0.8055115414748446,0.6404451397147131,0.5654459506588083,0.1510142758194195,-0.170743304903416,-0.0032884570399884,-0.048941168286991,-0.2279085897088056,-0.7181657418916016,-0.0318860043068649,0.0418944187924496,0.0037939142864819,0.0283404834055922,0.2257712264017954,0.0262512848588402,-0.0812457220491954,0.1964633659795454,-0.0355391024442633,-0.0162743930839472,0.0916461529594865,0.0800462844054402,0.0207647672043926,0.1986411348257875,0.1702270142760704,0.1814453335421782,-0.0527233006737282,-0.2715442409235317,-0.0873663929995023,-0.132428524358846,-0.7421660665129088,0.0364114462469643,-1.8639320253359244
27006,2021-11-30,-0.0338418149247871,0.2360792494068747,0.0208247664389462,0.1870427814624592,-0.0661369637247785,0.0827740275267409,0.0466461428171141,0.0777189090189408,0.6606643229185686,0.6192426722367765,0.5156866283663549,0.1589034322424923,-0.2046705134724408,0.0044081905701763,-0.055562720768177,-0.214666537536952,-0.502660902140879,-0.0322703821627763,-0.2488221518226039,0.1552849354071318,-0.0023997337685096,0.2741078653499105,0.0279799532886816,-0.1319408000495116,-0.042695688085372,-0.0245160190293462,-0.0071605555267154,0.0018219511086746,0.0836947795221583,-0.0140535005020143,-0.026304372068948,0.0948571271710344,0.246789127439831,-0.0663922044553386,-0.2688880909936608,-0.0507936019252621,-0.1030140714437743,-0.7996829391253579,0.097891334898912,-1.8639320253359244
27006,2021-12-31,-0.0434600398083599,0.2363170431046886,0.034204604001706,0.1336122670449575,-0.1164379180162516,0.0837791033834502,0.0495723195294082,0.2220595203158034,0.7464225324794619,0.2718140047632299,0.533584556203447,0.1046008403314148,-0.2052100188724641,0.0013106054080117,-0.040158291124871,-0.2175824989879856,-0.3288892104192375,-0.0328542759982497,-0.0020017096251637,-0.006580668377182,0.0382975854339789,0.1429881568654213,0.0329505120386726,-0.0912992562383086,0.1588960941792483,-0.03773950006908,3.1161257493829504e-05,0.0035699327638121,0.0553017309028637,0.0008873759720122,-0.1313737639184437,-0.0622955988261217,0.265233171060122,-0.0933002315774749,-0.2614250284641033,-0.0248040039488694,-0.0989859748701223,-0.8525085359011478,0.0193136059576089,-1.8639320253359244
27009,2021-01-31,0.0223564048269086,0.1536679286150709,-0.0056958882528638,0.10791784042422,-0.9056842345380072,-0.2326434075735592,-0.2875905281862325,0.2413743131395921,0.4446171529738439,0.3419216270339361,0.5521308062346647,0.1490434577601608,-0.2592048238281274,0.2542304741890577,0.1964112594020968,0.0037070373287601,0.9037371261376124,-0.0306744722687333,-0.7100693163118514,0.0221286892597081,0.0294761612223932,0.1336606911211612,0.0653745809807207,-0.1698115632258644,-0.0022535565471457,0.1738781105095104,0.1720829334424558,-0.029390592897034,0.1924769266449459,-0.0511964758020557,0.1131744139068644,0.3540626655206238,0.0026266322309412,-0.0335594868087845,-0.2434262365923289,-0.0427989210535352,0.1503566430677723,-0.0028999805764708,-0.178315525281468,-1.8639320253359244
27009,2021-02-28,0.1053211687565264,0.1652019613320847,0.0122812075139255,0.1367911420941799,-0.802496201649773,-0.1620996066977438,-0.0918640414500122,0.1827507029137771,0.4989439127555691,0.3228011521027327,0.5285434136787684,0.1709185672607876,-0.2683140509053826,0.2567077190679505,0.1887152530750369,0.0365950308729004,1.1772436290228692,-0.0302478430419258,-0.0590846821108836,0.01600288542867,0.0200010538086444,0.1942571478466401,0.1019458111057038,-0.1040856245106625,-0.1772027868734366,0.0088065939520583,0.0744734509622536,-0.0677624198683342,0.2183086146750039,0.0147022735126321,0.1772709128786221,0.2829517910726637,0.1818243246412105,-0.0367288419900799,-0.321968611490783,-0.0517655291382977,-0.1332402086014396,-0.0847549601918751,-0.0705660790378276,-1.8639320253359244
27009,2021-03-31,0.0722602568104007,0.1053114377245327,0.0531956918976145,0.140641581069971,-0.8193678319171867,-0.1741357068479876,-0.2322777145271677,0.2310093966926446,0.4402307955526303,0.320669640184706,0.4989239762129493,0.1462463910517943,-0.2267795246745922,0.2505280586978013,0.1677016967189242,0.0123537589309809,1.1566191894720037,-0.0287967494849683,-0.0926510530023579,0.0177888566725899,-0.0209758688764558,0.1468570902719194,0.0679343661179839,-0.1043184787142903,-0.2377194426651973,-0.0810411529670017,0.0936578623204808,-0.0528857062042138,0.2369713044855372,-0.0154208975546556,0.1737652334854469,0.2907905395843717,0.1858665207319697,-0.069635191043526,-0.2845091761693123,-0.0461104009468437,-0.1476400227085784,-0.2577013864299395,-0.2185423293407268,-1.8639320253359244
27009,2021-04-30,0.0154677203331719,0.084580567655461,-0.0332419345526862,0.0283282858145315,-0.9185725641909313,-0.1794833407113238,-0.4212282011513451,0.0848947248337398,0.4154531534930622,0.345539016139901,0.4972896664974198,0.0700448723542896,-0.0475485947316975,0.2495627425833069,0.2097447193368517,-0.003754152586956,0.909501119297114,-0.0270291782231288,-0.6595444620715204,0.0164536850376583,0.0334683424528383,0.13058448959791,0.0483609548875424,-0.1734182712544356,-0.0513458951090216,-0.046788157735985,0.0569951317712917,-0.0648078236654127,0.1125492197461776,-0.1253305059218609,0.1228782969904879,0.27351046800031,0.1924786181993323,-0.0468821487264994,-0.283038689768938,-0.0440721587798939,-0.1411045870687035,-0.3069316254578668,-0.2358993216298244,-1.8639320253359244
27009,2021-05-31,0.0125129894718716,0.0711520585932121,-0.0378489919529407,0.0648330543894945,-0.8970803254983222,-0.213640878299985,-0.4056567195766741,0.0846408950649753,0.4970674874970385,0.3285238458099104,0.5504051612296745,-0.0013627290806961,-0.0425485568499902,0.2326825063199421,0.18361281594462,-0.028474255042592,0.8390694731159648,-0.0360520239411677,-0.6727045756158229,0.0213617392776673,-0.1570763691443991,0.127378889504694,0.0410037180691228,-0.1599632389139298,0.0498063301905314,-0.0159607799807372,0.0531735463330314,-0.064847308096088,0.1149840782081142,-0.2227407623247506,0.1146332611467274,0.2191178682241575,0.167198027479668,-0.0482529111623794,-0.3073563052872235,-0.0719517904868477,-0.1499333407479174,-0.5875481426380585,-0.0783334762352992,-1.8639320253359244
27009,2021-06-30,-0.0254426232154184,0.0889830511986915,-0.0187987692710561,-0.0375293719867396,-0.830901135214788,-0.2097774512314387,-0.3704903266988192,0.0123315747729424,0.5024870743103299,0.3068805550594028,0.4872610101999334,0.0161505738079415,-0.1765276127407007,0.208258554867379,0.1964699438028238,-0.020733817591707,0.8764314193589346,-0.051452641653749,-0.6188943977417064,-0.0328960804610084,0.2469655011670693,0.1435255101661379,0.0252885869974711,0.2501453449921462,0.0758266090190893,-0.0139521399448699,0.0479439718293964,-0.0537306060973635,0.1311232846875532,-0.0127307316485671,0.0901996662290161,0.1813264950808819,0.1999581360689013,-0.6877627546330809,-0.3133750178891234,-0.1360919196048788,-0.1673374412892775,-0.5405781588380133,-0.1999337698128657,-1.8639320253359244
27009,2021-07-31,-0.0602455539758097,0.0856849218962377,-0.0185049748705856,0.0568175000915668,-0.8756994320653775,-0.2057030366990277,-0.40693865804844,-0.0405269155391898,0.5039479370092432,0.4151467074546406,0.4821326267318528,-0.0032206865680785,-0.1779673662293032,0.2092185128702808,0.2002080851096244,-0.0228275233019302,0.8667092503972753,-0.060371811250015,-0.6351183589303692,-0.0333978464697582,0.265820100607902,0.1594104747523581,0.0452820765752854,0.2758772910346738,0.0758651254622954,-0.0155493654301596,-0.0501867402648425,-0.0391288485481313,0.1556420211316301,-0.004243133080615,0.0492462110142859,0.1981596757305178,0.1642508626415905,-0.6607824029549536,-0.3140483100089593,-0.1265101011109109,-0.1673467503401975,-0.5045174569555723,-0.1880744226806111,-1.8639320253359244
27009,2021-08-31,-0.0089257882028351,0.0877729819064365,-0.0101636913941864,0.1135562751286069,-0.6242397131308373,-0.1669855362659255,-0.1853480721858984,0.1013324695449468,0.6366785191692548,0.3381144346134833,0.5406019705543209,0.0666769394010084,-0.1715955106988562,0.2119053399296764,0.1794585652643741,-0.0121053466164225,0.7922684064321408,-0.060665539565186,0.1679018434440514,-0.0221171782607579,-0.1213685552197346,0.1689002281252803,0.0383376047290948,0.6095920104640182,0.1776728494177676,-0.0173900290509119,-0.0852627399804336,-0.0312711589666605,0.1709576465421522,0.0266685406113299,0.0674636870756316,0.1467479927532621,0.1775815264992229,-0.6603714270690898,-0.2513539220683544,-0.0900016076842824,-0.1913601418709122,-0.5206227259421327,-0.1999067115787378,-1.8639320253359244
27009,2021-09-30,-0.0603998900956398,0.0781761812685818,-0.0242115765399619,0.1158770571429731,-0.5089672355705813,-0.1645794994625866,-0.1256175220799124,0.0783017585983412,0.5844970213076717,0.5680929014115289,0.4021397754539215,-0.0652235099375759,-0.1870645139806161,0.2514136932623704,0.18274155252653,0.0360588327727193,-0.7149494773529078,-0.0064957916351028,-0.2173092793359821,-0.0258576527496463,-0.081751801952599,0.1204671878839399,0.0470182175104147,0.2105549599564808,0.2280460604004167,-0.0260392807922715,-0.0581769296071977,-0.0484143296462529,0.1041253381462735,-0.0186475038029124,0.0259888589759481,0.0068345765092168,0.1981089851352169,-0.0862404594091273,-0.2577552332060895,-0.0831369713654956,-0.1555479729585039,-0.7404131150304221,-0.2811806838185476,-1.8639320253359244
27009,2021-10-31,-0.0407608740022855,0.0703034591022565,-0.0220861347680464,0.064117878188014,-0.4419910064265913,-0.1245731795183794,-0.0939466955837003,0.1171539399182355,0.5520610981618695,0.2565496081861603,0.3357630098208047,-0.0501708264176192,-0.180681032633973,0.2840173744428303,0.1842163407488379,0.0538398598744465,-0.8051738953105536,-0.0307671450830061,-0.090902730126964,0.0382771407100412,0.125128823689339,0.1420173278581616,0.0247019737906099,0.5530074714993721,0.2251722670090998,-0.0299601653688116,-0.0824130690493917,-0.0555317334524559,0.1509416941105925,0.0197409431790141,0.0253986059113444,0.2275345354960609,0.2162163352683337,0.0046420132210788,-0.2518839265555049,-0.1415316364993687,-0.1815676466659147,-0.6471076538795265,-0.2675098720575861,-1.8639320253359244
27009,2021-11-30,-0.0416107747815227,0.0863340570597415,-0.0281197698074643,0.1636766924664177,-0.4677917576856353,-0.1152314741458469,-0.1839922007911252,0.1206878861825412,0.6157981280149907,0.4265992880906098,0.4569194992981494,-0.0970932943063086,-0.2060159438841325,0.3093727004599566,0.186355634112735,0.0723421808196275,-0.5333097181402083,-0.0319946418418844,-0.2640242710177312,0.0820951239735379,-0.0405570986290276,0.2036438716535303,0.0312815893288237,0.2580606920359274,0.1236207337479033,0.0032373205901529,-0.0603461403196875,-0.059360047466922,0.0945419871870538,-0.0140238616513083,-0.1318286918209186,0.2689193624488485,0.2239728773622596,-0.03792706928856,-0.2779168805148577,-0.1294968210366958,-0.1608430872047852,-0.7746378314975251,-0.1353688114384396,-1.8639320253359244
27009,2021-12-31,-0.0155618513338811,0.0569309750266645,0.0190026574207307,0.1116691827791755,-0.5302886120298757,-0.0892081470194113,-0.1886858448821877,0.2675243429205409,0.5148868121949632,-0.0245882631010495,0.492665451367506,0.0283473181029822,-0.1909864794710973,0.2231617805731263,0.1309811518278495,0.0127756538912493,-0.0821151235049396,-0.0534379305063625,-0.2551825413086217,0.1349415586569563,-0.1000504196212363,0.124939192723717,0.0205579263270219,-0.157690481388643,0.1881183732954176,0.0253020697859651,-0.0674981499866873,-0.0420396605873086,0.0912761395585829,-0.2129799318875837,-0.2975238244769438,-0.1136524043879709,0.2797835921168514,-0.5416880531889773,-0.2648517744898918,-0.1544428978551184,-0.1798569709195046,-0.6783995826684857,-0.1468789777546501,-1.8639320253359244
27011,2021-01-31,-0.0863392542578962,-0.1869361832530671,-0.0137714742058983,-0.0869751503222447,-0.3191189038390001,-0.1018978420695109,-0.1526760398449388,-0.0624927166389126,-0.1111521535500409,0.3492120437423739,-0.1576024350911864,-0.176024707597109,0.0687643003518468,0.0529276583972433,0.148103515833465,0.0751843480601908,0.6433172172867069,-0.0222911553320014,0.0637121479548842,0.002767371244402,0.0198271153197737,0.0822972298349268,0.0484135114504991,0.0768748650558708,0.0292341472079961,-0.064798564731702,-0.1413292538768547,0.091275387295673,0.1214897681438169,0.0149632332534985,-0.1888021518539361,0.2662883762682619,-0.0125553308440905,-0.2375433798582047,-0.2489605814843508,-0.0498857554003373,-0.157484463556098,-0.2165662856052504,0.0332907357437558,-1.8639320253359244
27011,2021-02-28,-0.0148593366640667,-0.2059621495078822,-0.0344163065262104,-0.1357001593883974,-0.4282929109294474,-0.134246397952594,-0.1913735281138805,-0.0433192377979243,0.4630192669450273,0.3438048049230857,-0.1655666207047914,-0.1189763466111415,0.122786517143439,0.0600925112990767,0.1309771381966836,0.082075234057181,1.0161883603443898,-0.0233795289838052,0.1198231361507895,-0.049616755129571,0.010023073714719,0.1429455189183315,0.0416389604167408,0.4120998980417659,-0.0162279898071127,-0.0301613822547659,-0.1325557953996581,0.1039512330804317,0.1097958033855142,0.0149159397646147,-0.1291276188228029,0.2587413095937618,0.1955235439953578,-0.0602091962723369,-0.1904654761170973,-0.0727487943866432,-0.1272924277022726,-0.2200229609192001,-0.1516196866606563,-1.8639320253359244
27011,2021-03-31,-0.0318479797344899,-0.2416799614205313,-0.0254945769524767,-0.0727221990819744,-0.3965887331681685,-0.1385231045295209,-0.1742051257862463,-0.0787129220882847,0.3914577520231214,0.3575039174049066,-0.182539386362694,-0.1556953989357979,0.1223721176587057,0.0576955751312187,0.1320592005506878,0.0923616669196833,0.7183285827376633,-0.0220918908275254,0.0805045047069678,-0.0436685639043756,0.0346006791944324,0.1889957705740935,0.0390428975216931,0.1326875184969528,-0.0220903775164861,-0.0268534873950096,-0.1279390017736189,0.1299550587269355,0.1080809144166913,0.0212935160840866,0.0738402032024685,0.2283379266296413,0.2533890153516474,-0.0624012257170158,-0.2153364285057377,-0.0510743523596469,-0.1319633646132192,-0.2516774936780107,-0.2047522548876127,-1.8639320253359244
27011,2021-04-30,-0.0090221744031353,-0.2462741930612949,-0.0432909017462271,-0.062262099724782,-0.3565025849688245,-0.1329231209251884,0.0084419421285907,0.0200137312566372,0.3460047245415371,0.2766876737401021,-0.1737802625994783,-0.0976866532674198,0.1480198222040738,0.0546673881496218,0.1222786763537314,0.0989041956037281,0.4122515755985476,-0.0317476190659715,0.0807843355934354,-0.0202461437691683,0.215937067021685,0.2617766993183245,0.0315080784968128,0.7028145698271944,0.0488295086879988,-0.0244583257553109,-0.1289022588442108,0.1501141211235717,0.143969066805249,0.0913187148296123,0.0519028429095394,0.1964572448040673,0.2330909285419774,-0.0634821703232813,-0.1964072328240438,-0.0511347036365244,-0.1041466565100357,-0.2564558124974089,-0.0906041087072904,-1.8639320253359244
27011,2021-05-31,0.0169688747658827,0.1043574560401277,-0.0338375512511288,0.1712292204152161,-0.3949990321688899,-0.1408693503127912,0.0127987218733073,0.1225829231139402,0.5223320986954637,0.3310067579165001,-0.2066749356549035,-0.0743158184926798,0.1806146919439271,0.0581729906728877,0.1155309774580349,0.1206755856451483,0.3376440703388538,-0.0303963595147824,0.0664580393696955,-0.0196669112249247,0.2568484240297535,0.2168878493168872,0.026304442540435,0.5903343833646768,0.0027406188829841,-0.0229216901352866,-0.0939345178850755,0.1642019520960821,0.1337913436641734,0.0516928767443266,0.0749052609382407,0.2775206113557321,0.2230476983750267,-0.0420102363046732,-0.1933915675870637,-0.0448442439435747,-0.1135798675988566,-0.2705015125446731,0.0488588837834676,-1.8639320253359244
27011,2021-06-30,0.0200658105581909,0.1388141574754497,-0.0282216387677284,0.2129305679195564,-0.4456598449716035,-0.1263600206523992,0.0038210159478491,0.0217140704078631,0.5226199389622682,0.2592697555522701,-0.167587290504851,-0.0767634409557816,0.1892911419580738,0.0719201455863872,0.1428754130494287,0.0968219509070796,0.7749220309819354,-0.0293721939704816,0.628148135637526,-0.0192035512213347,0.2623752278390159,0.1767656273780181,0.0260650762646469,0.8900643850627469,0.0026401621738339,-0.0165976444182653,-0.09610480095987,0.1429403436163651,0.1280059000080176,0.0734414510980825,0.0627877352535723,0.2395891953693644,0.2161764768073992,-0.212380637969532,-0.1493187835271047,-0.0278097623477023,-0.1052118825079647,-0.3267581029974095,0.0494331447205611,-1.8639320253359244
27011,2021-07-31,0.0134744583474115,0.1034821387237154,-0.0386901188744761,0.2165457995490823,-0.3775104182186263,-0.1478579271467701,-0.1216942613134909,0.1402854851387056,0.6116014469709001,0.2418461288001444,-0.1732802451541858,-0.0563373415993397,0.1414226719270426,0.0483223516567237,0.1075044061210001,0.0996830900396819,-0.0158770880216982,-0.0592479477669113,0.4734090217692832,-0.0327240171367316,-0.043099902894292,0.1186642238619027,0.0185495570375552,0.932826082258937,0.1004279760732329,-0.0242608392340793,-0.0445943333352939,0.1653000882179495,0.130868959155964,0.0702879869190949,0.0350970145518119,0.2066807012402486,0.1761468553232698,-0.5496294902183877,-0.1559118770850792,0.0662626177610959,-0.1496022612481094,-0.6016866978732252,0.7076393663027866,-1.8639320253359244
27011,2021-08-31,-0.0040265950258893,-0.1549256050654398,-0.0311235257195393,0.1750758431717051,-0.3532300017823387,-0.1533278629987056,-0.157657331805562,0.0955377651861951,0.5162547117717675,0.1980691303753205,-0.1730585873540058,-0.0604522885248876,0.1184879041991078,0.0535005932804763,0.0811233070049873,0.1525779131419057,-0.8495416528132385,-0.0580466586127035,0.0405275993269732,0.031064852632764,-0.1146285060682159,0.1341028873948938,0.0197588217682481,0.2120496734134257,0.160193325440195,-0.0270197099768317,-0.0567985827100489,0.0656862114762166,0.1001706584435601,-0.0406366483530663,0.0101243542586714,0.184021735942258,0.1854703352327656,-0.4671286942559732,-0.188796964217877,0.0267117136281536,-0.1635878952899808,-0.5720445363958744,0.7740664548631275,-1.8639320253359244
27011,2021-09-30,0.0156900626790613,-0.0480392369747528,-0.0222015601292994,0.1527585895094633,-0.3761967447580956,-0.1262903308031322,-0.1033520079676207,0.1833404933307595,0.4418962463124627,-0.0884521607417546,-0.1740901355421984,-0.0449536500609189,0.1251045104078091,0.0575321191469814,0.070461039157392,0.0854073535193265,-0.8026858741086123,-0.0325659423772773,-0.1980001895586391,0.0461799549675355,-0.1222763589285597,0.0325690009535969,0.0173443952617936,-0.0013043246993274,0.1801597371484217,-0.0166272989538792,-0.0733277097613671,0.0709401661539178,0.0722540435576831,-0.3576204259347811,-0.1779546858340924,0.1856036383479713,0.1834638499935439,-0.3447522142816717,-0.1464198174988956,0.0240309984169332,-0.1413674961299379,-0.60782259860632,0.6986549079182922,-1.8639320253359244
27011,2021-10-31,0.0242847350014079,-0.0205730775300613,-0.070919864472027,0.1282315154656308,-0.3678843573282913,-0.1412887733267385,-0.21219103181067,0.3448224995632812,0.507807063872223,0.3256960771340207,-0.1514322142557524,-0.0536965001266267,0.1501357393038194,0.0603299456103153,0.1044383495559231,0.0696885712100435,-0.7944364074278905,0.0199009050741641,0.0089949326055978,0.0583877642333481,0.1981306762044497,0.0559914158638344,-0.0099078645204558,0.9231164526297504,0.2074397265100414,-0.0071564206146159,-0.0962350465688303,0.0913797420024649,-0.1522093338651469,0.013797995128956,-0.0491981205729908,0.140589819799759,0.1844321529260481,-0.3439535616573362,-0.1620169102896733,-0.0436886060149205,-0.1223281579284304,-0.3740238540309571,0.0620763482422786,-1.8639320253359244
27011,2021-11-30,0.0405639090187258,0.0573611131490287,-0.0480802122723007,0.11407772426443,-0.428185079437366,-0.1561290863987234,-0.1560277191337285,0.0078668443011601,0.4341748631196714,0.320001425645376,-0.197020497730952,-0.0362246855869313,0.1520149253864735,0.0685640080234991,0.1325049570728983,0.06887648889099,-0.8037540511469781,0.0693580130836453,-0.1754237691178435,0.0498275371155739,-0.0113665545600379,0.0935639743987196,0.0183484193541847,0.5612367402619454,0.2846692616624986,0.019604611752121,-0.0830562250388752,0.1313828042217579,-0.163615755823959,-0.3301601675287027,-0.0772702392845474,-0.1506507233588279,0.1987279374246016,-0.3226586544587486,-0.1662720711400442,-0.1545698532823607,0.1004658789785383,-0.4745006918032837,-0.244345666342209,-1.8639320253359244
27011,2021-12-31,0.0361322796138392,-0.1680213468980599,-0.0496146046130568,0.1172893716760461,-0.4185359868905822,-0.1473500756253131,-0.1417421552559607,0.0909747502600706,0.4249050703441083,0.304554695678905,-0.1620805857308179,-0.0426955611561966,0.1650842323113653,0.0559374961306429,0.1396011449251138,0.0926301470816143,-0.874187475186835,0.0755243408575627,0.01809075131022,0.048489590283465,-0.1738351089562182,0.1407190504345867,0.0236988438496225,1.2764782432397634,0.1975190629758084,0.0229442111148498,-0.1361856032227828,0.1024055710909574,-0.2209896538881124,-0.0493835143686316,-0.0223160485325789,-0.1673831439366742,0.2878446877774922,-0.3086229385674633,-0.1738545062865736,-0.0772107170535474,0.0165733852228884,-0.3237910686450025,-0.1796800027826025,-1.8639320253359244
27012,2021-01-31,0.1365027912078223,0.1775762485065747,0.0399902112748305,-0.0151043985180368,0.660163047676418,0.0862302916336757,0.1286987419141601,0.087391211717376,0.5092562926111726,0.0976441256975815,0.6441517623648515,0.4635853377374569,0.0110670093901286,-0.1031203803653796,-0.0629669605323544,-0.1013108375811641,1.5799902613042405,-0.0276715648947383,-0.1535809590592358,0.0275642623751417,0.0562151908533845,0.119855034926815,0.0612795575179276,-0.1034325592838321,-0.0254292373996511,0.2450521658115094,-0.075925865016172,0.1020401355064414,0.1187305985445574,-0.0031319416139788,-0.23466451681038,0.2955155659001702,-0.0946125803428541,-0.027796300025001,-0.2213983208419279,-0.0630595632459043,0.0247165745402432,0.1394425073400574,-0.1416975442124598,-1.8639320253359244
27012,2021-02-28,0.1173609382610348,0.1943604095088361,0.0573004857526714,-0.0256647108052671,0.647455129491474,0.0972517750650737,0.1089643362520847,0.4256063865700965,0.5652007996823294,0.3635706025765816,0.6771276679285346,0.4467130929283093,-0.0231112088123014,-0.1052826644086025,-0.047678994486071,-0.106891788847523,1.0406647974481675,-0.0287346553394227,-0.0179940932849914,0.0069419692791872,0.0631346993373118,0.1383192747035634,0.0529153362344045,-0.1005633582041191,0.0146806161321585,0.122188260069331,-0.0598174430268843,0.1208622948145216,0.1226172139565088,-0.0022185734501951,0.1754630011649367,0.2514766634556978,0.1592786746331231,-0.03616936906759,-0.2434570979516239,-0.0858829419848253,0.0681714850021847,0.1642263689633297,0.0128777683083109,-1.8639320253359244
27012,2021-03-31,0.1091958119480369,0.2101531189822106,0.0405543049251762,0.1814614552344584,0.840811866798824,0.113914706516871,0.0785875152354767,-0.051857980703696,0.5792638309938696,0.4134959193219506,0.7694786271689144,0.4301125841798014,-0.0270411839579172,-0.1117795350629085,-0.0566414710269483,-0.1461625802905337,1.0268335370624824,-0.0286932436988305,-0.2214250906355751,-0.0199358668747384,0.0667778416012697,0.2032517893964758,0.0284316387626024,-0.0839812671470097,-0.0736751758316145,-0.0691004029887595,-0.0557770199427369,0.1064676238076908,0.1281858707038646,-0.0026074749586651,0.1650345485977988,0.2368168960105915,0.2508251144166628,-0.0420896625829764,-0.2549242607394182,-0.0800429570197469,-0.0480958865463752,-0.0115556732125151,-0.1671312922716546,-1.8639320253359244
27012,2021-04-30,0.0897532659853486,0.1821504231448672,0.0196422794632424,0.1981184320539322,0.7614896284981225,0.1113368826484282,0.0780262919627895,-0.0497152944182104,0.5043597407740156,0.5207715315259177,0.5873731166810345,0.3928177515147292,-0.0167699729646333,-0.1153928610786414,-0.0470549735623266,-0.1545152141821789,1.1986216094241229,-0.0297948333848705,-0.0065375359878643,-0.0214013853815294,-0.090869442140894,0.1996736925251912,0.0501023313309268,-0.1034201694983141,-0.147461137444135,-0.0744307865873435,-0.057525887182216,0.082807585821716,0.1322761080400431,-0.0039133323586951,0.1596748478831172,0.2454454084470007,0.2330517799555204,-0.0341493896800629,-0.2989954653425968,-0.1106753478389824,-0.044428259081552,-0.2326151139244642,-0.2331954803957831,-1.8639320253359244
27012,2021-05-31,0.0647618774373213,0.184276469192939,-0.0246751269979052,0.2035274375689738,0.8217680189148298,0.1111369388189685,0.1081843395197868,-0.1311374164162354,0.5756908551528384,0.5484633087756925,0.5842025910753311,0.3015573476036771,0.034494176835349,-0.0951348173546671,-0.0442269313741824,-0.1508800923112773,1.499414777392608,-0.0294871730869084,0.0425499794929893,-0.0064481052038828,-0.0851056953012553,0.2348551139185328,0.0449424583350703,-0.1048741421245154,0.0770231975987113,-0.057365299623794,-0.0570513193872397,0.0809027607162874,0.108326997836234,-0.001413958929586,0.1563955745767421,0.1996383108273864,0.2261197401084697,-0.0275292898579627,-0.2516102460084254,-0.0696381370735533,-0.0378473737003704,-0.3621702271319395,-0.2563764198990663,-1.8639320253359244
27012,2021-06-30,0.0488796867008162,0.1771024084388922,-0.0004016008678298,0.2020714102110735,0.799665304044204,0.1704127712321222,0.0689916469395159,-0.0923667775291676,0.577085457402548,0.556341621631175,0.5617804551493194,0.2705944476202844,0.0628270896622127,-0.0932429729329105,-0.0447137202914729,-0.1394693872677409,1.5972518957906296,-0.0290797650416949,0.0575607603325236,0.016517746428663,-0.0722378476020393,0.2362444348772261,0.0461776949240485,-0.0855574236337976,0.1329491062840122,-0.0540279855601762,-0.0533615636861254,0.0732130395198013,0.1255526355025966,0.0330939386527522,0.1619612463567231,0.1623659374368398,0.2288364005002552,-0.0803591226224309,-0.2511284590927289,-0.0338680422140639,-0.0683645576271302,-0.4120718335614468,-0.2367436141571982,-1.8639320253359244
27012,2021-07-31,0.0807817837451835,0.1901814112333571,-0.0487526057575946,0.2069284795816777,0.7893823031607035,0.1012323537323074,0.044443062727886,-0.0584816703484668,0.5404657976113633,0.4962651622392879,0.5631305087192786,0.2266303560668053,0.0610040358271602,-0.1001049528023828,-0.0350463309628943,-0.146286779598118,1.5052376938168306,-0.0402058016965018,0.0698051888977291,-0.0139272576308596,-0.0978870651684918,0.2146464789539318,0.0458888415800029,-0.1010832403836535,-0.0021911665888226,-0.0656997708844486,-0.0568543086977351,0.0411708433327197,0.0845269985053592,0.0139495562246336,0.1763559573010433,0.1858788125599539,0.2208754250949213,-0.2038286578946721,-0.2173893612353646,-0.0260702716970495,-0.0374613879864918,-0.6771989291598032,-0.1973502905927202,-1.8639320253359244
27012,2021-08-31,0.1045825164037208,0.1986590551235122,0.0133362869325554,0.2065434934885539,0.7016814141284822,0.1001593258656524,0.0655832644502464,-0.0164757549570446,0.6352330580021811,0.399192732415049,0.650614484716601,0.3169614627343344,-0.0343281592057643,-0.1273082192482662,-0.0557498359926065,-0.1330253373104611,1.0460433551612267,-0.0548568065942519,0.0770753760051273,0.0033713963920412,-0.1332722568760329,0.2186388291298558,0.0196317633070631,-0.0981494654391638,0.186455101380406,-0.0324891971573204,-0.0649955013146725,0.0617581679502873,0.0831787235729527,0.0113906867220285,0.1725707829032086,0.0900633487189913,0.1841330409035114,-0.6484168963749651,-0.2496958550221103,-0.1378196242607727,-0.0782631040059961,-0.7048161632690249,-0.1538879412603152,-1.8639320253359244
27012,2021-09-30,-0.03136743649035,0.268303050994959,0.0849088021588792,0.1735732604845505,0.7508420269940783,0.0870365991106095,0.075988132030962,0.0361813612937523,0.6701752967058534,0.6563707115252603,0.7375490670710453,0.164029963331193,-0.037995837190082,-0.1353917613537334,-0.0165664716187366,-0.1354634206514283,-0.0359752829313229,-0.0554148904112199,-0.0519238809267373,-0.0217376145424478,0.0289445129194538,0.1941448130883354,0.0216233233341003,-0.0764011708534508,0.2822952226522669,-0.0211955943921145,-0.078663556937782,0.0819326955423686,0.1060613285749733,0.0142989797031418,0.3048144469628189,0.0835350768953921,0.1897377290171962,-0.579058395054156,-0.2872115813355448,-0.2149710537103134,-0.0950269602901586,-0.7599764463024029,0.0924501316618748,-1.8639320253359244
27012,2021-10-31,-0.0284485159409608,0.274255653802134,0.0464797396383555,0.1967950603668702,0.6656581420942651,0.0769250624681719,0.101298717518544,0.0336622093641538,0.7276208867158177,0.6213459243197961,0.8477242625472187,0.2203451288001251,-0.0141361127232823,-0.1161832177866422,-0.0568676640417786,-0.1363603711201428,0.0588513647572183,-0.0554148904112199,-0.17397352749784,-0.0372555152274654,0.0105241281537158,0.2595072603426877,0.0133660555874466,-0.0689005402943827,0.1061145875390475,-0.0232374865927741,-0.0548593373362431,0.1044590257600359,0.0807030796890045,-0.0008500900285025,0.1261720624858341,0.1233222911180248,0.2347263191662752,-0.6031743268016181,-0.2826945538753133,-0.1278244630967012,-0.0657525482043818,-0.7565895745197558,0.0955748224419928,-1.8639320253359244
27012,2021-11-30,-0.0443170189389043,0.2289962293102466,0.0295410336238079,0.1801921746162499,0.6069933793498872,0.0778023677544714,0.0997622521532253,-0.0057478909318534,0.6470321615215827,0.1738150455424301,0.6815976141490964,0.1649007944572293,-0.029549465752245,-0.1099241479982773,-0.0605002209517931,-0.1500062306624738,0.1435488103753582,-0.0563586676946226,-0.1729629308962447,-0.0391484026276356,0.0064613823903062,0.1855598477199193,0.0231265221634946,-0.0836646567712632,-0.0777337794227024,-0.0403740997922776,-0.0544123110571691,0.0984829573356856,0.0994107087278512,0.0029989940064267,-0.0753841309368112,0.165928853330997,0.2409469892341459,-0.5826162107862647,-0.2889161808260801,-0.1750401066260798,-0.0681033462266881,-0.7817872729169232,0.0804532424464644,-1.8639320253359244
27012,2021-12-31,0.0347167555655861,0.2105656210838541,0.0379633734931323,0.1756709739425996,0.7221816027047514,0.0849401169825204,0.1228404438778716,0.4389794699553622,0.6452826608066735,0.3701444482400707,0.7382330109295757,0.2960178853913721,-0.0538980829643371,-0.1184715420544499,-0.0568617730558427,-0.1275692393017174,0.7474417438771712,-0.0336407408480842,-0.18976609378977,-0.0315706436877671,0.0252815935926354,0.1769833896158918,0.0263647022650395,-0.0910472138730255,-0.1013805215620849,-0.0592951259423395,-0.0594284302166503,0.0477539410911309,0.1084798068952355,-0.0097923108697343,-0.2085812366226564,0.0315422005371091,0.2584506988912185,-0.2874716888621516,-0.2571591363192597,-0.1482125436449882,-0.0713466569615532,-0.8685992065749008,-0.1279331904923076,-1.8639320253359244
27013,2021-01-31,0.0834759008374986,0.0245636015693205,-0.0151578908808545,-0.1070539208548648,-0.4279360246100169,-0.0886459502324156,-0.0557684232456233,-0.0415267177075996,-0.0441686684514296,0.221900525304266,-0.1376359748485303,-0.1515566681493249,0.1503865562013062,0.0001653425840714,0.1521107890887246,0.1092653623947466,1.3006843550671578,-0.0355844301755815,-0.2365835787473307,0.0235895097360181,0.0459705877569659,0.1562619599754884,0.0646396298623036,-0.0944983445820566,-0.090887107523712,0.3862645826935074,-0.1479057799714978,0.1694292969188531,0.2034927137411264,0.015908708038463,0.1098620392440634,0.1875837766034886,0.0094994567635181,0.0708822101318511,-0.2622357359913045,-0.036665531035181,-0.1124689092028178,-0.0812945551046426,-0.2355627120277035,-1.8639320253359244
27013,2021-02-28,0.0906223193617746,0.0780485001768163,0.0234258627445796,0.2536429431669254,-0.5056451712961072,-0.1513146466771344,-0.0164954935861975,0.2043477661450843,0.4143823319881832,0.2443823460892158,-0.1554566307814429,-0.1023564363171657,0.1717718469461928,0.011490017205102,0.1759237922778909,0.1024964069785775,1.3405492575163998,-0.0402416823222431,0.1567625781414491,-0.0365928606638219,-0.0135243044547626,0.1643268408706409,0.0420700128985336,0.0893789171302342,-0.0098822113805048,0.1970438991712205,-0.0875943016584401,0.1402844259171064,0.1553929671229534,0.0093746422438321,0.2081531869702796,0.0078663803135559,0.1938867709779965,0.0450462501903921,0.0731512756938962,-0.0228897744164208,-0.0699242723799901,-0.0784962902133717,-0.1893285089700471,-1.8639320253359244
