zip,home_value_index_mean,home_value_yoy_pct_mean,home_value_mom_12m_avg_mean,home_value_accel_mean,pct_sold_above_list_mean,avg_sale_to_list_ratio_mean,pct_off_market_in_2wks_mean,median_days_on_market_mean,inventory_mean,inventory_mom_pct_mean,inventory_accel_mean,price_to_income_ratio_mean,median_household_income_mean,owner_occupancy_rate_mean,home_value_vs_baseline_mean,sale_price_vs_baseline_mean,home_value_yoy_pct_slope,home_value_accel_slope,pct_sold_above_list_slope,inventory_mom_pct_slope,home_value_vs_baseline_slope,sale_price_vs_baseline_slope
27006,318864.97716339707,0.0863489939981337,0.0068574241151551,6.796518614911818e-05,0.3162161490019999,0.9874542597927272,0.4986402501236364,44.17272727272727,64.14545454545454,-0.0130652666861936,-0.0050194970167818,3.692673839184665,86016.81818181818,0.8990026515948176,0.0382350604259391,0.0454282777126811,0.0003004888327623,-6.342306013252161e-05,0.002553152283518,0.0005240656941744,-4.857144439513882e-05,-0.0001786734307016
27009,234119.5440907876,0.0984438663729339,0.00778663685202,0.0001477177181118,0.45593361184,1.0066779167236364,0.5850616394236363,41.06363636363636,8.727272727272727,0.1082116576234223,0.0005535878263151,2.695363859435452,86817.32727272727,0.9381154478669176,0.0434615759891182,0.0669782302074265,0.0003628322563802,-4.6605811970834704e-05,0.0049114527848412,0.0016621994916494,2.1297020990592263e-05,0.0002313754978738
27011,173218.36731251294,0.0917839978976602,0.0073362604571479,2.066754474343092e-05,0.3844074285763636,0.989700806970909,0.6175599341218182,35.93636363636364,6.072727272727272,0.0884848484848485,0.0010706465251919,3.397704367109562,51044.16363636364,0.7601444359477291,0.0411771523227109,0.0537608817441364,-0.0001662881600665,-2.0986977512039627e-05,0.0010973290213564,0.0020108266753288,-0.0001316517618019,0.0008063018130934
27012,306597.41136390093,0.0919744774983064,0.0072833761037276,-0.0001152534949799,0.4191081920436363,1.0017270887763636,0.5769770033454545,35.1,104.54545454545456,-0.0096144455529902,-0.0018307850354215,3.4683527425718848,88105.10909090909,0.8141037528453675,0.0402099180409146,0.0470283868032429,0.0003085226575107,-4.595986759946773e-05,0.0012898814776046,0.0005938541811408,-1.601480519722674e-05,-0.0003297165125297
27013,236972.69352018397,0.1119611264298904,0.0087951012372273,-0.0002044501715641,0.2693358393490909,0.9758831379636363,0.4963296126672727,61.14545454545455,13.836363636363636,0.0329428872406637,-0.0026510865087419,4.357881822570578,54288.09090909091,0.7988579596867686,0.0484798698776431,0.0648168141398208,-0.0007592459771212,-4.411228978403987e-05,0.0028267810956363,0.0011589975949906,-0.000473327189297,0.0014905257965388
27017,173936.2629929867,0.1135680640655472,0.0088663698386184,0.0006523885730431,0.2994674517405454,0.9719222710909092,0.4575902858454546,53.97272727272728,10.927272727272728,0.0298523361899382,-0.0018208086203442,3.002463028541874,57949.09090909091,0.7482839181356088,0.0512253616363542,0.0519270420492498,0.0005311664123431,1.4227641449861644e-06,0.0010061889770699,0.0002378248799113,0.0002314490889131,-0.000220793589382
27018,204681.21931160887,0.0885927813621955,0.0070819018486776,5.1278603360813405e-05,0.4221636538090909,0.9915867547090907,0.5133040678709091,49.79090909090909,8.309090909090909,0.0354361042997406,-0.0030157147920305,3.506854055493862,58302.32727272727,0.8342789690544393,0.0400717297457015,0.0835163129976795,-0.0001480913025382,-7.633953430417549e-05,0.0043349676802453,0.0015119516526442,-0.0002560937433351,-0.0005159197104178
27020,187594.8112773837,0.0812301764834575,0.0065190083094482,-4.065881083264189e-05,0.4151901129145454,0.9927222714163636,0.5232103754818181,51.70909090909091,4.418181818181818,0.1373287823287823,-0.0040169552669552,3.964635489177753,47267.41818181818,0.7445618123227514,0.0366306766215493,0.110008999153478,-0.000384885372154,-2.634328661340261e-05,-0.0028610556909596,0.0057232538184919,-0.0002465295857108,0.0033532584343379
27021,208160.8000844526,0.0995574170260574,0.0079047134778103,-4.2257977777555474e-05,0.3963872007145454,0.9923798651,0.5520701786636364,37.10909090909091,60.8,-0.0014078253458857,-0.0003142370489451,3.657749266220353,56692.472727272725,0.7425264495033591,0.0437590418052401,0.0643886744126387,-0.0002702316557741,-3.194306106595242e-05,-0.0013139452853896,0.0001558616987979,-0.0002115295629334,-0.0002413200557183
27023,309891.3494673333,0.0925278236411284,0.0073355333728303,-7.667153561186177e-05,0.3670779971941818,0.993164819110909,0.5653302748345455,41.845454545454544,52.14545454545455,-0.0030992813791508,0.0010963748326443,3.643317924037341,84683.21818181819,0.8390719435326557,0.0404466201151392,0.0440821407938844,0.0005711345947441,-2.196446416128205e-05,0.0012482961655735,0.0009987237144535,0.0001527288767478,-0.0010881465607121
27025,177098.5761502272,0.0887040814022192,0.0070388077078897,-8.138343603036026e-05,0.3338830806341818,0.9814755612109092,0.51833818518,40.80909090909091,18.89090909090909,0.0099266377340305,0.0103377650319522,3.598460544924219,49105.43636363636,0.8212267899617848,0.0389110451751728,0.0663877628735348,-0.0019589128974774,-1.834998750149124e-06,-0.0004000381737445,0.0004622242863122,-0.0008853517093885,7.973736012147824e-05
27027,123585.9875452958,0.115177729622534,0.0090569522155963,-0.000171264074956,0.3242626298296364,0.9793572762072728,0.5347052487018182,44.41818181818182,7.836363636363636,0.0760270967891288,0.0044683244315597,3.128683584658948,39334.34545454545,0.6208525367413618,0.0500427512207878,0.1107429623228998,-0.0010142599984057,-2.647614905996102e-05,0.0007499641335995,0.0033570726270306,-0.0005398489497426,0.0021717436251178
27028,218258.8791425657,0.0939201095667955,0.0074237808546029,-3.500764104831547e-05,0.3478576077072727,0.9903966868,0.5357719205818182,38.345454545454544,59.50909090909091,0.0045524696068136,-0.0011893616639853,3.9125340974351737,55570.781818181815,0.7755156245127126,0.0410418011450486,0.0377724827565026,-0.000420809232758,-4.3985594810418815e-05,0.0007032922193217,0.0013021647040264,-0.000351350307726,-0.0006326729358507
27030,161278.34128177914,0.1055635882057352,0.0082334157287455,0.0002934642738418,0.2475284811899999,0.9656460255945456,0.4734940809436364,44.91818181818182,80.78181818181818,0.000717608001429,0.0013863918131168,3.796711642365744,42255.29090909091,0.6920686558426451,0.046446666249168,0.0589380398145814,1.918446618491316e-05,-2.3593052948723167e-05,0.001252362313505,0.000366942186998,-9.35881306681012e-05,-0.0002458609749496
27040,261101.73234440343,0.1012371103299731,0.0079930836980432,-0.0002503206696122,0.3893806879670909,0.9957712035690908,0.5422063598745455,39.63636363636363,47.87272727272728,-0.0066237210063622,-0.0046641016484441,3.037644059309541,85527.94545454545,0.920786383490288,0.0437428561458498,0.0588019186579989,-9.734303580721054e-05,-3.5023223961780856e-05,0.0026561102299668,-0.0001322328178716,-0.0001756493498563,-0.002379747223616
27041,201086.1778812756,0.1014211867972259,0.0079878382803456,0.0003868657931143,0.2793067421616363,0.9752732955,0.5409505591927273,44.17272727272727,18.654545454545456,0.0123554386127842,-0.0025901029786121,3.610637724548976,55401.454545454544,0.7303465023156659,0.0454061421809062,0.0612074449805131,-0.000122117825672,-2.091666012369116e-06,0.0002881923861356,0.0020588417970869,-7.264638494645193e-05,-0.0004536511074306
27043,202655.1920533497,0.0912856945124598,0.0072677367708502,0.0001834860229984,0.252554665048,0.9708712214690908,0.5132476807945455,53.25454545454546,10.545454545454543,0.0419393522792059,0.0109794329077329,3.100152330203753,65368.236363636366,0.8475443630078119,0.0409749690986104,0.0461264878704434,-5.089411684196338e-06,-9.905514419859375e-06,0.0011810780859393,0.0018020656683825,-7.041925192987103e-06,0.0007073523610732
27045,210716.4568377756,0.1099117904478977,0.0086437286975199,-0.0003716477397211,0.3935967444814545,0.9968163162436364,0.5937329211490908,35.32727272727273,34.27272727272727,0.0179546289713678,0.0056448847985107,3.4012240148955284,61610.94545454546,0.7797625388644267,0.0470016622308085,0.0459477191715566,0.0001365711576794,-3.658252146715751e-05,0.0006380319625872,-0.0001108510641744,-8.168361215912456e-05,-0.0012374805113336
27048,178709.63489638318,0.0776931902136419,0.0062049179437506,-0.000444771201528,0.3406944435345455,0.9838964498290907,0.5221800639018183,45.39090909090909,15.2,0.0146915605861811,-0.0047532137495742,3.1938888434156363,55855.89090909091,0.8389950587222151,0.0332446134987596,0.0462751690239835,-0.00140798604281,-7.426360732142137e-06,0.0049101577116017,0.0022765460287865,-0.0006318571076638,-0.0006335413585568
27050,203604.8735338493,0.0950467030380749,0.0075472412368574,-1.1730024026474549e-05,0.45670838504,0.9961368739090908,0.5695654424563636,35.61818181818182,12.672727272727272,0.0209199653625429,0.0024940582293523,2.8154993593785536,72517.25454545455,0.886414682705648,0.0415935711404206,0.0220857853601383,-0.0002046600009678,-4.531261069376604e-06,-0.00027459234886,0.0012470504485997,-0.0001150198484587,0.0008182698715445
27051,197275.96212778505,0.1048474638714666,0.008308547899947,-1.0683325832461826e-05,0.4038265638778182,0.9996876073836364,0.5903495256854546,32.372727272727275,19.01818181818182,0.0164630224886496,0.0007067900801979,3.6879946620495594,53267.32727272727,0.7014908905206929,0.0460658627427323,0.0632595665647809,0.0002466029315764,-2.18494767346833e-05,0.0031862960863809,0.0018185373267417,3.051700711628114e-05,-0.001724296179058
27052,169906.52628353564,0.0883412438572606,0.0070490379470405,0.0003641670607194,0.3500865544690908,0.9688399043472726,0.4786674538163636,48.4,15.163636363636364,0.009948094952745,-0.0098989510364771,3.3480080644614816,50615.07272727273,0.7333373833576267,0.0399927053815122,0.045709099615927,9.055321365895198e-06,6.432588516783535e-06,0.0009012360501082,-0.0004760353869734,3.993967131062436e-05,-0.0009159699067398
27053,183440.38266568756,0.0832279292009651,0.006624353770978,0.0001001258997516,0.2220792338981818,0.9617014719745454,0.3759672902870909,71.42727272727272,5.654545454545454,0.0452160465796829,-0.0038160576796939,3.2592475278552566,56409.85454545455,0.8849955576131002,0.0368187757012307,0.0390669421374241,-0.0012383135187278,3.6017747988909856e-05,0.0021627530714574,-0.0004806304806304,-0.0004299562647396,-0.003088726806726
27054,211755.2921150931,0.1121799015191109,0.0087753898048837,-8.696362503833665e-05,0.2732467532490909,0.9771882990172728,0.4101395574154546,71.40454545454546,6.709090909090909,0.1035721742997284,-0.0067232935414753,2.551439496386401,82651.01818181819,0.919019233133752,0.0486519242087012,0.0879061436641082,-0.0012667440122262,-4.162674938341575e-05,0.0047254288922294,-0.0009073817729816,-0.0007003985459755,-0.0039410350357952
27055,188122.00801215172,0.0935833253076019,0.0074754840737452,-0.0001118726732477,0.4186328953181817,0.9912877890490908,0.5751294866,37.00909090909091,20.83636363636364,0.0121090285901635,-0.0006346567051736,3.344442924291674,56166.36363636364,0.7654759897368498,0.041721582735277,0.063358456424408,-0.0003751184441856,-3.539514947576639e-05,0.001838944782049,-0.0016153569045899,-0.0002571428505074,1.7968950830434622e-05
27101,174111.18809320682,0.1106531157943855,0.0087300876166821,-7.26548490655055e-05,0.3581639203018182,0.9899839277490908,0.5785825089181819,31.19090909090909,44.58181818181818,0.0092301981609798,0.0030599311269786,4.175488197691871,41503.763636363634,0.3316960543469228,0.0479938821370603,0.0401340554192071,-0.0005427225362063,4.194090779197474e-06,0.003242440330909,0.0008791525137276,-0.0002268751484998,0.0001576805396526
27103,221037.69930672436,0.1067560057369953,0.0084368434804147,-0.0002138060788945,0.4797746692945455,1.0039345775472728,0.6734775328618181,29.363636363636363,83.69090909090909,0.0139767744811514,0.0028517315413876,3.9654474992121367,55483.74545454545,0.5321639073836143,0.0462077408636703,0.0528901204710469,-0.0003338774568076,-2.3636124072234774e-05,0.0027191480134776,0.000262930191636,-0.0002451055434914,-0.0009809807337949
27104,291067.89115595096,0.0859695729899649,0.006852660083932,-1.5896117162003628e-05,0.4229016114563637,0.9988617369563636,0.6380246510763635,31.78181818181818,86.7090909090909,-0.0018236347424024,-0.0016692227270966,4.063048560063571,71371.0,0.6057956933258429,0.0378283093642203,0.0370017207022058,9.642660916800987e-05,-1.090746591781929e-05,0.0043840570270707,0.0009455983504421,-2.1001874279365945e-05,-0.0022767761192262
27105,131553.26163080797,0.1226095101861092,0.0095277105239979,0.0004063732232778,0.386616744110909,0.9846319359290908,0.6023581198127272,29.43636363636364,59.67272727272727,0.0101023003540466,0.0030003479595092,3.8665603486197497,33915.56363636364,0.4992172293795921,0.0538936476136625,0.0720208741228517,-0.0003134186920485,-2.585832931011988e-05,0.0004393853514213,0.0006094871119266,-0.0001850877303296,-0.0012961504093186
27106,259632.9762915277,0.0968300630268779,0.0076645876455663,-9.859627416864776e-05,0.4188265852945455,1.0000739035563635,0.5784883273763636,34.77272727272727,135.05454545454546,-0.0127504659467889,-0.0036815040762254,4.311179955632042,59966.05454545454,0.541132823586161,0.0421248717113169,0.0518754968819747,-6.035726122445802e-05,-2.069662848890989e-05,0.0020322025955699,0.0005833940475186,-0.0001176486754159,-0.0006088024430403
27107,181480.44237600727,0.1134375026334842,0.0089399248470907,3.460759129878539e-05,0.433556338930909,0.9988186205472728,0.6236306187818181,29.6,91.4,0.0019519965753013,0.0019435791098364,3.633897913529532,49644.07272727273,0.6954708022051176,0.0496320038544637,0.0529469469723213,-1.7706372365862397e-05,-2.1672672745628856e-05,0.0011746686191269,0.0002455004353775,-0.000103922387858,-0.0002809252261975
27127,198386.1948471229,0.116784706025883,0.0091562653147715,-0.00015441255641,0.4913855754618181,1.0064960623527273,0.6831223636036363,27.39090909090909,96.45454545454544,0.0094586303813527,0.0046382706751497,3.542181693066947,55646.2,0.633292673716127,0.0503251156070942,0.0551448379281611,-5.525036032745351e-05,-3.356397409249696e-05,-0.0005787220708441,0.000180195323953,-0.0001448818334275,-0.0001560118657771
27203,154713.0138979584,0.1032883421509236,0.0081962717127927,-0.0002614971974008,0.3413026915690909,0.980073205721818,0.5647370074927273,36.74545454545454,40.56363636363636,0.013567953546738,0.0040377184799189,3.805259669991491,40532.38181818182,0.4422414875416045,0.0450892858892173,0.0473177534990849,-0.0017077143386938,4.831213334387578e-05,0.0011240714250577,0.0008694211285132,-0.0006732003762757,-3.781324798026415e-05
27205,202311.7183668441,0.0899290960273159,0.0071693317146557,2.230288108914324e-05,0.4019966026763636,0.9909834106727272,0.6062299651654545,33.47272727272728,54.10909090909091,-0.00656589289252,-0.0020432869259732,3.502109440636308,57565.81818181818,0.7952891200563765,0.0399586906294913,0.0551412641834303,-0.000404984994554,-2.9008984599820263e-06,0.001658228568391,0.000439668132613,-0.0002141033126573,-0.0005030477026582
27214,246802.7015786923,0.1092349379968607,0.0085899545707048,-0.0002643779273828,0.4282841930109091,1.004552538589091,0.5674101581181819,34.68181818181818,31.05454545454545,0.0103765656611046,0.003424227251796,3.543787722143584,69600.96363636364,0.7172019697902057,0.0471937856018375,0.0564660945828676,-0.000369312659907,-6.661978704483803e-05,0.0023395363054256,0.0002436247019915,-0.0003697391071091,-0.0003597320215256
27215,226568.2631294833,0.1153218961935146,0.0090237177524573,-3.75651526947e-05,0.4224140913090908,1.0042237407090908,0.2810565280783636,34.40909090909091,123.0909090909091,-0.0064103653097274,0.0007018042788049,3.793596662792092,59309.03636363636,0.6021614342202664,0.0500984659966767,0.0363776460296616,0.0011982034990161,-7.390913690133837e-05,0.001568140116645,0.0010366253909792,0.0003004075346048,-0.0013904148622588
27217,163353.27549627196,0.1304187024683595,0.010126919473396,-4.975781952456548e-05,0.4081472809363636,0.9961989432890908,0.2722261794939272,37.67272727272727,67.18181818181819,-0.0006142365829738,0.0022826412205094,3.43352454170749,47207.74545454545,0.6392961007166478,0.0561645181151813,0.0489207106578071,0.0014839797422716,-4.668134540870626e-05,0.0010828725013564,0.0003994847317903,0.0004986548795067,-0.0001248584176402
27231,296632.4247782582,0.0970552428315236,0.0076575600774106,0.0002529878072225,0.2531168831181818,0.9746367624227272,0.2575757575781818,78.46363636363637,4.681818181818182,0.1395310245310245,-0.0009253246753246,4.364131229465231,67732.89090909091,0.7722230604948892,0.0428965007412299,0.0673826183392997,0.0001042058535554,-2.352825322430032e-05,0.0075120250120562,-0.0002484882842025,-2.2298433061884983e-05,-0.0045621033924044
27233,207138.8431033855,0.0979374672696792,0.0077939273664345,5.354853472972766e-05,0.4399126630854545,1.0017036378436364,0.6311625747927273,37.78181818181818,3.4909090909090907,0.1242712842712842,0.021540404040404,2.972777601199012,69561.74545454545,0.8583041704488997,0.043602433047043,0.0535946702273068,-0.0005631924503145,-1.2193980937765008e-05,0.0049197793947402,0.006050986050986,-0.0002905938773461,-0.0026356810067832
27235,336809.1559979944,0.0883099382372605,0.0069970995856916,-0.0003465066721177,0.3030837202883636,1.0000221792945454,0.4963696345854546,47.07272727272727,27.09090909090909,0.0133885161911692,-0.0074629971673581,3.352882923558014,100079.4,0.838231259034143,0.0380192376330519,0.0358940628790141,-0.0001710110221923,-5.012238374030275e-05,-0.0012905857023297,-0.0012057089198005,-0.0002470562926311,0.0002108904659271
27239,184136.31104590683,0.1029245859873265,0.0081736772929475,0.0003254413865115,0.2879236948845454,0.97536426724,0.4021076514472727,49.31818181818182,36.54545454545455,-0.0044089838454057,0.0006594568420542,3.3528149775820726,54674.218181818185,0.7894687455014289,0.0464443550662124,0.0392525648103136,0.0003180314928787,1.2329679344815768e-05,-0.0006921889424567,-0.0002277203333954,0.0002180804262163,-5.810818854509386e-05
27243,307037.03406476846,0.1051763100476852,0.008273911436467,0.0002111179934778,0.4708233433218182,1.0068852133036363,0.3311841515549091,36.24545454545454,5.090909090909091,0.1543850089304634,-0.0057406482406483,3.9450098573326455,77442.29090909091,0.8589228551135136,0.0464767226781452,0.0400227335232736,0.0006139825919352,-4.850271062695591e-05,0.0013689273889177,-0.0005210630318855,0.0001111862179488,0.0026098263224901
27244,240808.8162682547,0.1090236792977484,0.0085629570216516,-6.120241815667603e-05,0.4011685356090909,1.0044260708163637,0.3005128426861818,36.37272727272728,18.23636363636364,0.0083257523833729,-0.0030061013343919,3.768968356112392,63633.545454545456,0.7316842621942217,0.0474489927103596,0.0618652311962579,0.0007694027439439,-6.632718128674373e-05,0.0011180860986291,0.0014164424685307,0.0001135130357698,-0.0002804471352389
27248,162221.6993079013,0.0918782674295978,0.0073324424913418,-0.0001752014898563,0.3592883379290909,0.9709448700745454,0.5083949888509091,46.08181818181818,5.709090909090909,0.0908428440246622,0.0093596681096681,3.2040350712647445,50571.8,0.7492121195209764,0.0408973904905031,0.0352428768393204,-0.0010117472404248,2.3741808691584565e-05,-0.0010653015414141,0.0024845340646206,-0.0004134755572598,0.0032462547615993
27249,227516.08990192052,0.1032253599679651,0.0081488228398301,-0.000246234164934,0.3858227678545454,1.0007995961945455,0.3720712849781818,32.64545454545455,36.16363636363637,0.0253111880541589,0.0105076517240821,3.169940133329816,71768.4909090909,0.8072878237118257,0.0447047277199108,0.0611191395381905,0.0004321254178456,-4.870509546864391e-05,0.0008404897512698,0.0018383309327243,3.2933468081710075e-05,-0.0013922747863894
27253,224978.13829826453,0.1179353051139069,0.009216207510421,0.0001645971137247,0.4304694569072727,1.0098008720327274,0.2532147593487273,36.54545454545455,75.9090909090909,0.0193414183972888,0.0081564745344199,4.234984510922848,52727.41818181818,0.6889952516919502,0.0516973165220314,0.0623122170306533,0.0015362038495288,-7.343554764923968e-05,-0.0004554238473376,0.0014266385006026,0.000457641340601,-4.611669018936795e-05
27258,248911.24842413963,0.1115826012465963,0.0087174407751528,4.10837677914056e-05,0.4067229532712728,1.0060426813690908,0.2190268809365454,45.52727272727272,37.127272727272725,0.0477174768065971,0.0025014438584185,4.045974630134713,61296.12727272727,0.8253042938055216,0.0486245441610183,0.050994855374379,0.0013137554115886,-7.676420002198911e-05,-0.0022730343135591,0.0020917538068828,0.0003289562296528,-0.0016288232557317
27260,112376.89409514006,0.1053396314158591,0.00821507628159,-1.934534522106369e-05,0.3093966381927272,0.9641856785072728,0.5487182219490909,30.69090909090909,45.90909090909091,0.0130062889347237,0.005092489014045,3.222562298577381,34777.29090909091,0.3883393040868749,0.045377354663469,0.1033077137610579,-0.0025803545356096,-1.0570380772864596e-05,0.0036068798886796,0.0021259996128595,-0.0011580800470944,-0.0002389246879079
27262,164973.6778476381,0.1051944304345111,0.0083423773490643,-0.000266471358752,0.3398659006909091,0.9810042105636364,0.56635059858,31.863636363636363,74.0909090909091,-0.0018014251552518,0.0021025855012572,3.1313233007546737,52527.27272727273,0.5932753952370092,0.0457543891321001,0.0484536913603084,-0.0005424263355195,-6.769762655155935e-06,0.0026748244563636,0.0008327861244903,-0.0002839417931236,-0.0007678648739843
27263,169676.4615101199,0.0982190035049702,0.00781619404498,-0.0001921374152604,0.4434429530436364,0.9955134988672728,0.6191785481363636,30.51818181818182,39.49090909090909,0.0160288803446995,0.006415041572218,3.4213161546006323,49417.01818181818,0.6817912511862799,0.0431600926728741,0.0563095748386514,-0.0001939127420818,-5.8591697557970455e-06,0.0010092504968181,0.00090015073594,-0.0001402502595816,-0.0008012229908241
