RegionID,SizeRank,RegionName,RegionType,StateName,State,City,Metro,CountyName,2015-01-31,2015-02-28,2015-03-31,2015-04-30,2015-05-31,2015-06-30,2015-07-31,2015-08-31,2015-09-30,2015-10-31,2015-11-30,2015-12-31,2016-01-31,2016-02-29,2016-03-31,2016-04-30,2016-05-31,2016-06-30,2016-07-31,2016-08-31,2016-09-30,2016-10-31,2016-11-30,2016-12-31,2017-01-31,2017-02-28,2017-03-31,2017-04-30,2017-05-31,2017-06-30,2017-07-31,2017-08-31,2017-09-30,2017-10-31,2017-11-30,2017-12-31,2018-01-31,2018-02-28,2018-03-31,2018-04-30,2018-05-31,2018-06-30,2018-07-31,2018-08-31,2018-09-30,2018-10-31,2018-11-30,2018-12-31,2019-01-31,2019-02-28,2019-03-31,2019-04-30,2019-05-31,2019-06-30,2019-07-31,2019-08-31,2019-09-30,2019-10-31,2019-11-30,2019-12-31,2020-01-31,2020-02-29,2020-03-31,2020-04-30,2020-05-31,2020-06-30,2020-07-31,2020-08-31,2020-09-30,2020-10-31,2020-11-30,2020-12-31,2021-01-31,2021-02-28,2021-03-31,2021-04-30,2021-05-31,2021-06-30,2021-07-31,2021-08-31,2021-09-30,2021-10-31,2021-11-30,2021-12-31,2022-01-31,2022-02-28,2022-03-31,2022-04-30,2022-05-31,2022-06-30,2022-07-31,2022-08-31,2022-09-30,2022-10-31,2022-11-30,2022-12-31,2023-01-31,2023-02-28,2023-03-31,2023-04-30,2023-05-31,2023-06-30,2023-07-31,2023-08-31,2023-09-30,2023-10-31,2023-11-30,2023-12-31,2024-01-31,2024-02-29,2024-03-31,2024-04-30,2024-05-31,2024-06-30,2024-07-31,2024-08-31,2024-09-30,2024-10-31,2024-11-30,2024-12-31,2025-01-31,2025-02-28,2025-03-31,2025-04-30,2025-05-31,2025-06-30,2025-07-31,2025-08-31,2025-09-30,2025-10-31,2025-11-30,2025-12-31,2026-01-31
91982,1,77494,zip,TX,TX,Katy,"Houston-The Woodlands-Sugar Land, TX",Fort Bend County,1444.6774561151094,1439.4458742575312,1435.3419147863433,1440.586658654698,1446.6544411056418,1446.872251326255,1447.3948675841036,1443.8479891752554,1444.787937003177,1441.9610908315556,1442.5711467444507,1430.7082003889354,1423.1770602993552,1406.0901636857511,1405.0727162983453,1394.3596458582815,1392.1564746138954,1386.957176924317,1385.0074264402224,1386.9692129775076,1381.0984166153698,1374.69524702883,1362.9268699122383,1358.7956551122072,1357.4402785534085,1368.3012791647077,1373.2416827624606,1378.5731674526746,1383.46438101074,1390.465476596359,1391.3343716535978,1385.4420299340463,1397.524131243325,1413.041222411268,1427.6609615544362,1431.1849249903182,1436.0300936624983,1437.487931754066,1433.806135327567,1429.477851926447,1428.6151662907166,1427.360875864971,1424.5168255338976,1417.48263723881,1411.365750774843,1407.2463689844467,1412.0195543492553,1415.5599519082575,1419.534471107068,1420.0357057700082,1423.7639603724265,1429.2613819561338,1430.580984612886,1431.7785062605717,1436.4200134926716,1446.781248467107,1449.2353207499502,1448.7152198067286,1442.871559345708,1442.0339013583502,1439.583670019252,1438.9584884265637,1455.3783631491665,1462.147949754205,1455.9097819857589,1450.301603276573,1441.797518300619,1448.4843407686,1461.5252804992692,1466.0477008705534,1478.5443798011636,1484.895772872116,1502.813774251273,1510.08562601865,1519.011911029436,1531.3239248766338,1555.4051142942285,1585.03743917229,1616.873446773463,1639.607105987619,1656.02583435318,1676.998272275937,1699.0065795894493,1715.392662753081,1718.1418362700756,1723.305514657981,1729.9476075892417,1750.0069873865334,1764.8590638517835,1778.817018465014,1784.6142947792505,1782.960752903629,1786.1417086269098,1785.334724074086,1780.7033634322993,1782.5249070735815,1797.7186192968225,1805.191211952989,1815.025649130916,1798.7817194918948,1803.3362443572848,1798.7701874107509,1800.0293210525274,1802.284773708508,1806.8217418880208,1811.805434231709,1806.752271664179,1803.127075343107,1800.1521742960265,1809.8784718113936,1809.836291840505,1820.491286698869,1815.7591770918327,1820.4062572477992,1817.546182695812,1816.8843691011075,1812.530920254895,1811.0980485796808,1818.2007172944636,1817.516340486672,1822.144734621369,1814.3693585580056,1812.0513820336928,1810.599664262048,1811.230349617589,1808.7423555047824,1810.2171887204545,1810.9036316770596,1812.1108132628883,1811.0068407907956,1808.4339855536543,1809.4776186479728,1803.813488431223
61148,2,8701,zip,NJ,NJ,Lakewood,"New York-Newark-Jersey City, NY-NJ-PA",Ocean County,,,,,,,,,,,,,,,,,,,,,,,,,,,,,,,,,,,,,,,,,,,,,,,,,,,,,,,,,,,,,,,,,,,,,,,,,,,,,,,,,,,,,,,,,,,,,,,,,,,,,,,,,,,,,,,,,,,,,,,,,,,,,,,,,,,,,2385.0
91940,3,77449,zip,TX,TX,Katy,"Houston-The Woodlands-Sugar Land, TX",Harris County,1239.9747888526306,1237.1370813320266,1245.786089757715,1250.648134901865,1254.381767614509,1258.448792240714,1258.960206283753,1263.6673076180723,1266.7900931013046,1271.8795381817872,1274.481638152876,1276.4008185524308,1274.6717616336166,1275.471640725981,1279.288351332258,1281.108780305677,1280.8065472920202,1273.3387709663114,1269.2071711421754,1269.678323344178,1270.0647389162843,1274.2795099726925,1268.9878660277254,1267.0598643434744,1263.72508607216,1267.9037539080475,1271.4916554180795,1273.6591581399232,1275.807125491623,1280.4102227468684,1286.9481145008897,1289.7596192399765,1296.7314732036425,1300.747834098892,1309.399940341912,1314.0474425048144,1324.8582552400176,1332.501539472913,1331.5014415195312,1331.1210514471138,1328.568254854979,1332.6726123746732,1331.5671366660445,1336.6009464516433,1335.50185190239,1336.7705503870263,1340.6244030155628,1340.8134640217231,1338.4406775149034,1335.581140649857,1338.8639674953909,1342.9699663008885,1349.1452912785394,1350.466997573997,1354.1872741499126,1354.0716890506576,1356.7071594966635,1358.2604345525258,1357.7681251191543,1361.4691832624094,1364.7943810338013,1368.5477816421562,1383.2883631304976,1383.6595548830992,1380.435208605522,1378.8555904415305,1377.958774652612,1389.9348784809945,1400.6031975973333,1410.9344854650856,1424.0990571369132,1437.4934118986382,1449.0014365398504,1450.4036946572674,1455.327759152848,1474.8303053103762,1512.2369072458523,1542.8360326504603,1568.288958975606,1573.6270740294542,1590.4232187176196,1609.8807919038445,1622.1096639575755,1635.0447995308568,1639.8414019554375,1670.9021023956177,1683.0192483625094,1689.885862439029,1674.5954981988696,1669.3443010300282,1693.1183950884408,1724.6160266697375,1734.3235871550164,1730.402104277361,1724.6190443235027,1729.626203654884,1729.913422857604,1725.2910654394675,1731.8204938564954,1739.8769631720545,1751.691837741248,1758.5819944726284,1749.5651981025674,1750.1867200869474,1752.6309202958282,1754.8025375397804,1760.3069214817033,1757.9263355882213,1772.0658454705294,1773.6829390392213,1777.7026150515078,1782.634174322708,1784.2347736832928,1793.254417921385,1795.0770429823249,1798.0923740852518,1794.9299714743456,1794.9560760982024,1801.3314742914836,1802.643507862241,1808.9939918691637,1812.5832519705616,1812.117066357153,1810.116494134499,1812.0779588890423,1808.410646325616,1811.513479886627,1807.6740104638525,1810.9677985690944,1813.8263210582677,1810.0696288273195,1810.9804240275816,1800.5474242424243
62080,4,11368,zip,NY,NY,New York,"New York-Newark-Jersey City, NY-NJ-PA",Queens County,,,,,,,,,,,,,,,,,,,,,,,,,,,,,,,,,,,,,,,,,,,,,,,,,,,,,,,,,,,,,,,,,,,,,,,,,,,,,,,,,,,,,,,,,,,,,,,,,,,,,,,,,,,,,,,,,,,,,,,,,,,,,,,,,,,,2285.2205174357355,2304.75
91733,5,77084,zip,TX,TX,Houston,"Houston-The Woodlands-Sugar Land, TX",Harris County,1121.6637422205374,1122.6887840687036,1130.4332762632273,1137.6377163581255,1139.761342709536,1138.6064465202005,1134.5940591055562,1136.006382957759,1141.643345096247,1142.7749707979697,1145.1377333794992,1137.1761355928152,1151.124376700686,1150.6700256556433,1160.866736126217,1150.787038649282,1145.0774195386286,1136.6059896355305,1139.4280585118122,1144.1515609969383,1143.039817621436,1141.5192815176108,1139.6378435500408,1151.2631274958896,1148.042692720745,1153.9060723284504,1152.7657304100296,1153.5611195911204,1157.884322496502,1161.877822874451,1167.9492609921583,1169.051687312298,1182.464287059717,1197.8979361616755,1204.618987409199,1198.444685548551,1195.8424575358792,1201.2082476767048,1200.0689152126488,1203.116222699534,1198.1587477769103,1206.3601412974265,1201.0400587441402,1206.5079170399908,1208.157180694306,1210.6387066189127,1216.4404900190657,1222.1764003849692,1226.5387934995747,1222.0265311031449,1228.1060657795208,1234.0135188230138,1243.4272650738867,1243.5147196416044,1250.7668438455614,1251.789839712769,1250.8572582161385,1248.7109886626995,1248.4998336608903,1252.1989235296512,1257.8910299377744,1264.9962195796725,1274.3335645678833,1271.6334735901396,1271.9692465984865,1275.0500761178043,1275.8862160910544,1272.5136824105562,1272.6116776725637,1291.532288006956,1299.9340296256537,1307.9168560495532,1311.9808023983317,1333.9067167656524,1341.541141378012,1354.093909044476,1361.5510552499168,1380.7870073604324,1414.3741756786917,1457.187254298036,1492.079738846346,1491.4814738896798,1483.6209156538678,1492.04570821983,1507.4189971675144,1516.55432206993,1517.4013108669865,1523.6258592674176,1538.1824425366715,1549.4898678569946,1554.7259438882195,1543.276795493072,1537.077827604223,1528.2327580892202,1540.9931597047018,1542.51071118551,1555.3436245869857,1549.0738451030447,1557.3606417681174,1556.58749461514,1564.2145545267683,1563.5246195754928,1561.4074535148357,1564.8477732869974,1564.7861203656696,1587.9256673154282,1591.2761975001126,1594.294053743488,1581.8281784422354,1582.1892873367883,1584.5473103210884,1594.0794056247112,1605.3198153472906,1606.7072408487886,1601.8683150421705,1590.9142242056355,1591.8192423776509,1597.361172692387,1604.9290462998215,1607.6684011588063,1605.493472392252,1611.0918135664904,1609.6098048733452,1605.129780330038,1593.3856091919392,1592.9030504479674,1597.97289261295,1607.429356705096,1608.38324361192,1595.7255253595558,1586.2917768620227,1581.8024313199985,1585.0987455954898
93144,6,79936,zip,TX,TX,El Paso,"El Paso, TX",El Paso County,,,,,,,,,,,,,,,,,,,,,,,,,,,,,,,,,,,,,,,,,,,,,,,,,,,,,,,,,,,,,,,,,,,,,,,,,,,,,1103.077882338744,1104.2230908497734,1099.6046584168823,1100.8865199551326,1116.0014834925053,1138.1392301670571,1154.5582900489703,1154.601231879903,1153.3953060942283,1161.1922597273804,1192.326927630582,1202.9305907717248,1206.7018805502798,1223.0300147362502,1252.2692190709056,1276.8585226785722,1292.2358811453887,1287.2401524588715,1295.3015464552625,1299.52085372971,1326.2917075749524,1340.8390675200076,1346.1595174923357,1344.385068279228,1346.024881227769,1348.6864091838877,1357.1427417558527,1361.498776549918,1361.2395781768212,1369.996770678353,1372.6679727635158,1379.4377069913164,1371.3790726781124,1365.596254844946,1369.0625797768553,1388.4635714754747,1404.0530268348132,1408.5626428166315,1401.3733315705326,1393.9971091886823,1392.954595238276,1391.8271775279272,1403.3804304663915,1412.0955474613347,1427.2800294115227,1436.2368045175092,1436.6456606101042,1431.692949044707,1428.594500572275,1430.8159164097372,1435.8326197451945,1443.360438260065,1449.0403760313145,1453.5315919489988,1447.4832733544747,1442.0362785145703,1433.175738491528
62093,7,11385,zip,NY,NY,New York,"New York-Newark-Jersey City, NY-NJ-PA",Queens County,,,,,,,,,,,,,,,,,2016.7691379665152,2050.7048057353977,2061.6337714285387,2063.307682954408,2049.801351530583,2078.209861658555,2078.201190691316,2085.4654489941768,2075.6601460435822,2066.7190986675205,2076.177816923999,2060.3858521800685,2084.950512949559,2073.549110904634,2084.1145956247915,2073.58956111707,2106.975937842881,2093.2103798669395,2102.199203461265,2085.8810248871105,2089.614849315395,2068.6573172302114,2076.678825115055,2085.6050746664914,2106.488454108192,2099.079993059908,2092.4361407192414,2091.660513800024,2099.535339080551,2130.27223081775,2123.1689176453715,2134.0910048740457,2123.5768909596823,2151.0160826334395,2149.899368747194,2160.739324995064,2151.110590754853,2167.8574192334795,2180.2772461834265,2200.4698597294687,2196.5195051709293,2190.810618009736,2210.367435005884,2228.6901794144915,2257.0943551456,2267.7728018762928,2251.390911338208,2230.916494312969,2227.0620063919305,2200.060836730756,2180.230514473946,2135.361124263674,2117.333929313252,2098.9499475201437,2073.258815655768,2054.8633138455443,2048.9698501781745,2050.851600252295,2065.301868364062,2065.853363461358,2082.471589627889,2082.901558556374,2112.209295866436,2137.7632119404257,2186.3920161594897,2223.041662126051,2266.2794446601138,2299.930498726226,2331.1552483758014,2355.7370383230227,2375.973621879984,2413.327632605098,2443.769088063363,2512.065269467752,2541.369375585124,2590.01756047612,2591.956536558896,2616.710893649657,2617.606774549869,2631.448691935001,2614.566041422396,2615.82149071921,2614.01318726473,2642.651197282125,2643.8993404834328,2636.897990563458,2621.825727882864,2633.082696529051,2664.1497531716977,2693.5831712876347,2721.485809822584,2722.064910928576,2720.838318225316,2710.308645702429,2735.231468215079,2749.3409528986645,2770.192871370158,2770.4303086987966,2788.2657253008083,2802.547405100246,2794.432199604461,2785.1227644454752,2765.138765699396,2790.786634461595,2831.361225375718,2864.78560751713,2872.211721961321,2868.666228789997,2874.455125102825,2892.1645698373463,2908.1310020784485,2909.6210165179045,2928.1735354735533,2944.525508204817,2974.913209927296,2980.1593593616785,2980.720319133363
92593,8,78660,zip,TX,TX,Pflugerville,"Austin-Round Rock-Georgetown, TX",Travis County,1169.8525677821417,1171.1772726129504,1165.56683537474,1158.4602830883443,1169.1194719490202,1176.5357625255765,1190.085420221593,1195.2792530046145,1200.5791086916968,1209.8833517623048,1214.4943635959537,1221.4268169436443,1224.7980193043572,1226.1316499983088,1220.3846110044185,1223.0687388207418,1220.2496734805686,1234.670937697372,1233.2654017467662,1241.732828143804,1241.5685191858413,1255.6662864221896,1257.4554961601586,1253.148483596999,1245.4923282064278,1244.7472843918954,1263.2416004077052,1269.9241881814685,1273.3431067751003,1265.2120159517997,1266.2248059983865,1270.9279739739663,1282.7053255985588,1283.0721576255305,1283.7015638307826,1280.7224688255235,1284.8281784535875,1294.1671669190196,1299.9153642924375,1303.2940004961642,1305.2593646073824,1308.574557786313,1310.869233106108,1313.1124572311644,1313.8879326274546,1319.6320949534545,1323.740623021985,1332.5319402285077,1332.9781504006964,1334.538104865428,1329.9286503468272,1331.3412404064163,1336.004406014539,1341.833314130847,1347.1533903812424,1348.9995697921556,1350.3523311062008,1350.511373953731,1354.528483801145,1357.9006729481048,1365.050340321139,1367.492379626969,1380.7076196816615,1384.9101772041172,1379.010042174215,1369.9824387898373,1372.276356128118,1369.8604054286125,1375.2576365615753,1376.4518009121705,1381.8984663278718,1388.7614967622044,1405.5709481722297,1423.0429662496815,1434.6446418151409,1444.9015733284768,1485.127831777451,1524.683224735958,1561.529428226233,1603.6509956531058,1631.7340739078577,1668.2137587955772,1673.728130109345,1696.594172353174,1694.9545333385404,1710.522212973843,1720.162064736893,1740.9239085053084,1741.1189907494656,1748.7874122840312,1750.7076451587286,1745.4567376956318,1749.565796034752,1739.3010858208947,1758.194813140653,1753.550124038885,1768.9686658993446,1763.809442474485,1764.4166804894055,1764.2185450522725,1763.461319434928,1754.4458879813867,1747.9992686104265,1749.4593715113074,1746.1321359540975,1757.3729315194396,1736.8869217379654,1741.7377607332403,1734.0280983360149,1746.714236301095,1749.233128841614,1730.2335967021606,1719.0216169593552,1715.2590194093218,1719.0812670158164,1713.8581020052368,1706.0278010044683,1689.9634635156335,1682.5799785634404,1677.20836826577,1677.1478867733226,1662.0852393541536,1652.7303471558907,1656.3992686890865,1657.1466479005107,1654.322413289511,1645.6383431424738,1640.779471386522,1638.3369643997917,1637.5803528856902,1639.8106818665794,1633.3433017596278,1625.6363026281572
62019,9,11208,zip,NY,NY,New York,"New York-Newark-Jersey City, NY-NJ-PA",Kings County,,,,,,,,,,,,,,,,,,,,,,,,,,,,,,,,,,,,,,,,,,,,,,,,,,,,,,,,,,,,,,,,,,,,,,,,,,,,,,,,,,,,,,,1930.8076830209368,1956.3632515059744,2011.3086333057088,2025.1784160528384,2032.6752338030171,2032.650760112196,2041.0109691630173,2047.4070358712663,2066.253872426621,2133.5374839075944,2163.861125214515,2180.187445187635,2112.805615280428,2157.557428039904,2196.4181674331357,2235.418783372693,2255.500918515373,2251.853741032625,2247.0209817834366,2166.9705003672634,2156.5910816717237,2214.15102530478,2267.4375123407226,2335.4530044498183,2322.186042634336,2330.95008166486,2343.8449587993896,2337.5412328277544,2326.0891419902587,2373.797965092596,2387.150884263313,2557.0642667973552,2619.278910727441,2627.8390355225906,2587.865289436429,2574.3976732189367,2660.232636495356,2676.6213105663637,2684.835019655714,2716.985093012275,2765.124195519416,2771.854879674441,2803.6363797799227,2736.8578194939096,2722.689212144982,2695.9712715086625,2715.222222222222
95992,10,90011,zip,CA,CA,Los Angeles,"Los Angeles-Long Beach-Anaheim, CA",Los Angeles County,,,,,,,,,,,,,,,,,,,,,,,,,,,,,,,,,,,,,,,,,,,,,,,,,,,,,,,,,,,,,,,,,,,,,,,,,,,,,,,,,,,,,,,,,,,,,,,,,,,,,,2419.8255431801085,2456.228470152213,2453.8895418080137,2472.718297931558,,2466.287348709964,2555.383900794625,2586.2741449300265,2655.935082471792,2638.858765315766,2633.5161556908147,2635.9112008224697,2648.1075339147683,2678.1361848013166,2686.9263349163457,2722.850639642336,,2656.257280702256,2670.96158198132,2731.752438948078,2773.8192892000434,2801.203974725184,2801.228685510827,2787.137068725316,2791.0024958209133,2778.152437933646,2772.9961063489054,2736.050958377529,2776.8209685802026,2776.521723919397,2722.2217872485294,2647.7785714285715
91926,11,77433,zip,TX,TX,Cypress,"Houston-The Woodlands-Sugar Land, TX",Harris County,1359.3298367852035,1354.0702695033071,1361.838176118959,1368.0087001482264,1363.279480675824,1358.4795830692417,1365.6165900321898,1381.047525097456,1384.479149821502,1381.809913007711,1377.726143631632,1379.8978594630598,1389.4202411607855,1393.2246379712244,1411.722390405722,1403.8203135842157,1403.152677053692,1388.948793131469,1390.6396511469418,1388.0463989574378,1396.0590226040683,1390.948665270992,1385.8163902752517,1375.1069106781383,1374.3531811469345,1385.3916091650008,1390.2627541168592,1401.1402579102123,1401.9349815815458,1407.1799909397082,1407.638952003953,1409.682968135635,1416.7177644227063,1431.5363215425216,1450.798202379622,1465.5246046783614,1467.747540244063,1473.8508138382983,1479.5686875171675,1474.6972943634364,1467.3925517916782,1462.000344991068,1466.8126754189402,1467.2372299071126,1466.3194860161925,1465.1323392584377,1460.2597475244297,1462.880817792402,1471.0275735215994,1469.4651145677324,1466.7332777168888,1474.06746165624,1487.1113454184497,1499.2943861555052,1502.4066084868057,1508.627317421181,1511.6680925632495,1514.237273528158,1517.84280323004,1519.1602343759848,1520.3219781245923,1525.1251079244662,1540.2537727098445,1544.8503294861318,1540.3564447152476,1526.662166384951,1531.278219392576,1535.9033009609066,1546.30889583436,1552.4702726495912,1575.715478964585,1588.1801605605222,1609.369507299568,1614.2262355049254,1621.5972958704851,1642.8729352117805,1662.6396432700096,1708.9012004410065,1725.8985235439568,1761.7778634323276,1779.0883655844946,1798.5983840436777,1808.21422737878,1830.07246124942,1854.1066744154737,1869.8090770632664,1881.1891656821963,1892.0951457334104,1911.407643178516,1907.1050091150169,1920.438544509636,1916.180598913736,1912.8214726084743,1908.1969895148268,1910.985148229656,1923.461691965904,1917.0131280451672,1922.7203307014124,1918.9566515319625,1913.5342990999995,1906.2015548816837,1912.292413636443,1920.5430792208567,1919.7990028487743,1930.829723576016,1937.853677948976,1939.0717945237195,1911.299401317976,1905.78145973564,1905.0822921929037,1927.032527415162,1941.6895936863716,1951.961424137743,1947.6988569337368,1934.650591910271,1931.158879106249,1932.5484392089843,1940.8466449160944,1943.6110172307208,1954.7479723447557,1957.741633176292,1957.3497864954,1944.3572672584012,1937.1733090687464,1932.3714857862517,1935.621587506699,1941.8202963183132,1947.7541320006844,1944.5371341985615,1937.7574780787495,1936.3638629682036,1939.5241915528625,1941.8492322831307
84630,12,60629,zip,IL,IL,Chicago,"Chicago-Naperville-Elgin, IL-IN-WI",Cook County,,,,,,,,,,,,,,,,,,,,,,,,,,,,,,,,,,,,,,,,,,,,,,,,,,,,,,,,,,,,,,,,,,,,,,,,,,986.4056051470972,981.9007228190652,964.7521238564906,956.493843891364,970.3686127326396,993.7695976018056,1034.523163092218,1038.3494374464492,1037.9123052025368,1026.041022859273,1016.5470395673684,1032.8239433469475,1054.4256117091213,1078.2057864147223,1105.1008808565784,1120.8800981243726,1110.7120019078109,1104.5138890002454,1097.538101618211,1128.3839091420944,1135.1246669001073,1138.960915334486,1147.327353675974,1138.0767741321597,1147.0727356479626,1147.8447794322792,1168.102333530772,1178.175720069987,1169.9255765452651,1156.20700376932,1161.3325108676574,1162.9515856551068,1174.429701402407,1192.2956153449422,1214.458085054995,1231.3062390810594,1223.3916920654815,1239.3418833937471,1243.9208222346158,1265.4578658419143,1299.346537510928,1320.3995992384455,1316.405790130727,1292.2657437380456,1312.8531506426114,1338.0202927296582,1360.190135035686,1350.159378784639,1369.480484539902,1373.1071898245038,1375.354614154773,1371.7119429106306,1373.2333404913545,1387.0031485972322,1409.6777167479947,1442.664103530356,1439.4289212708488,1429.6998386038947,1418.9742878875918,1439.7619047619046
96193,13,90650,zip,CA,CA,Norwalk,"Los Angeles-Long Beach-Anaheim, CA",Los Angeles County,,,,,,,,,,,,,,,,,,,,,,,,,,,,,,,,,,,,,,,,,,,,,,,,,,1797.9413826353957,1802.7376887997336,,1832.5876744099128,1842.672511466762,1849.868473991551,1829.9303527593704,1839.2636736324887,1860.959404291212,1877.7895726822676,1872.8113734021388,1899.449001028332,1937.309105031158,1900.5272119296512,1905.8140011669573,1915.2619549934475,1931.9464493247,1917.00224080083,1909.4324818222956,1928.650614847496,1956.4374486117197,1966.459848809606,2000.2461407223263,2006.1429578176133,2063.860108711495,2048.9673422238343,2060.635204278026,2058.546714685143,2077.744437124496,2107.205748204738,2145.3844034532185,2170.1215423253184,2149.252451796996,2172.1507847950875,2187.418696553972,2248.047368066536,2246.2431379838445,2301.5797773500008,2313.728318488352,2333.2507100916555,2323.833132208932,2335.40380785215,2350.9642428645466,2370.462267364508,2400.5619608217376,2418.1193050178545,2427.386937461321,2402.051548131416,2409.964743566536,2401.07842721159,2432.3457131822465,2413.0476898668185,2467.84533123102,2483.0605484262846,2510.7721360321334,2482.1942690548767,2499.981742744874,2510.047701643293,2505.014804368603,2505.9345571568438,2524.9084361839496,2533.5857501443525,2526.131875851897,2548.4061788663107,2551.494849313247,2572.296785014544,2547.491926862465,2569.2825190227004,2570.3710464723804,2592.458150333101,2604.15488906184,2602.822017265209,2604.4069303835945,2611.811938425045,2619.9285801161104,2629.2163470633195,2621.962235565368,2616.412380159716,2638.898546414622,2653.094024008397,2660.019780097814,2655.9713762944043,2669.6802358156497,2696.301587301587
96361,14,91331,zip,CA,CA,Los Angeles,"Los Angeles-Long Beach-Anaheim, CA",Los Angeles County,,,,,,,,,,,,,,,,,,,,,,,,,,,,,,,,,,,,,,,,,,,,,,,,,,,,,,,,,,,,,,,,,,,,,,,,,,,,,,,,,,,,,,,,,,,,,,,,,,,,,,,,,,,,,,,,,,,,,,,,,,,,,,,,,,2828.8524658808205,2855.7313610020965,2819.6316842598167,2805.555555555555
74101,15,37013,zip,TN,TN,Nashville,"Nashville-Davidson--Murfreesboro--Franklin, TN",Davidson County,914.3693608719528,913.8699713156836,924.280013003058,933.5777855175518,934.5942075407448,937.304534842586,948.6303709724002,965.8617820452408,973.2051616304212,967.1574687035314,960.6422536669362,969.0201235106298,976.7707984983118,985.4878576680784,984.2832248502704,994.7561404421344,1000.3135876993936,1008.1528639244068,1001.0759346569264,1002.401416835404,999.7702440833456,1018.6288729288328,1020.871806906898,1030.6814694563154,1026.5086055668107,1030.416593498465,1033.2507707614618,1041.0657338223773,1049.9109244643753,1058.4018453688434,1061.2024704262608,1060.305675116139,1063.2048726075627,1057.6215504344314,1072.2494085396738,1065.6020846491786,1084.3188899113125,1081.8038608813465,1094.6330370550738,1093.1460333979996,1094.5106728306378,1094.6320153615716,1093.7310450515913,1094.7240412243907,1097.4827076810236,1099.9038501385498,1096.301558980496,1108.3062887644203,1112.65318221881,1118.9628002005004,1117.2165817555062,1121.5058604096068,1124.40340866942,1127.8456727420817,1137.7585132998477,1145.866286175638,1151.7738724097933,1157.7293529514725,1161.8374209312794,1162.046835673326,1158.5794411639722,1162.509596986936,1170.4740588267484,1185.0428093787134,1186.8775996094896,1191.187571590455,1182.9704214738656,1189.8700180268372,1195.8908515972205,1204.7091232957423,1215.7861004758568,1217.9948793544563,1223.8339487296423,1228.3191180313663,1238.4830588115185,1246.2392571574974,1256.989891542242,1275.1878020153918,1301.0811462098388,1321.2303118049078,1340.6485326446234,1357.9393758209112,1376.2558214618043,1399.8327480907292,1418.3506523789763,1435.0629144351417,1446.4652607329938,1459.6801117132825,1474.8885350230676,1502.3281238209838,1526.7784074409285,1532.2653474253837,1526.949751098147,1519.0666343348316,1521.0470001730118,1528.6906683825998,1533.664384452318,1538.2813157358607,1541.6204352272273,1541.7891411149667,1547.2952893447473,1532.029214094244,1528.687959565262,1529.903459048645,1540.843263255442,1550.0127101650737,1551.000152649348,1547.738629081584,1543.3995369211889,1545.809957974742,1547.4566385425385,1555.2831984203444,1554.2118402209778,1551.834279672239,1545.411135567222,1551.439791811536,1559.966913717967,1558.0952936585822,1545.7735254121685,1538.9547774703938,1542.0366834679949,1538.003377003803,1535.6592285852953,1529.6258689353867,1526.844915989781,1531.6986859328636,1534.190163490231,1528.9793610492202,1519.287231255601,1518.5123386370726,1527.1524603262908,1532.491280909101,1531.6508284600388
62046,16,11236,zip,NY,NY,New York,"New York-Newark-Jersey City, NY-NJ-PA",Kings County,,,,,,,,,,,,,,,,,,,,,,,,,,,,,,,,,,,,,,,,,,,,,,,,,,,,,,,,,,,,,,,,,,,,,,,,,,,,,,,,,,,,,,,,,,,,,,,,,,,,,,,,,,,,,,,,,,,,,,,,,,,,,,,,2842.481401333628,2874.153050744336,2964.4736507969155,3037.8934782901792,3002.212405728975,3012.5
61807,17,10467,zip,NY,NY,New York,"New York-Newark-Jersey City, NY-NJ-PA",Bronx County,,,,,,,,,,,,,,,,,1320.9372268287204,1295.0600398989648,1313.125497325138,1301.033267603577,1335.3287050943793,1322.3441795556728,1320.5256940029617,1322.476744219097,1385.727004239703,1396.8432379814992,1437.9393905601626,1423.913126778141,1430.671980318806,1411.519624880831,1410.019783646579,1398.3732559057198,1393.08872829572,1410.5930775652623,1449.6783706179222,1465.5205062753416,1442.2922572650937,1468.0545991511472,1484.7149711442828,1522.845557200803,1519.681542954762,1535.7145791765738,1536.2396280777834,1547.6109696908654,1554.8772772418015,1570.2340065608355,1580.8302588405222,1614.688819375907,1615.8127445869,1603.197201245222,1582.903835526092,1575.7578861324175,1587.204783408478,1611.4321208274555,1629.6260761330095,1649.9605404764463,1660.5550842377263,1662.400209667378,1653.2159556747097,1638.4505238863746,1655.3029966806648,1668.4641485630284,1690.4778298857143,1685.7143852589152,1652.155566708011,1650.9151611771856,1673.6551250917444,1720.7846147101852,1732.2454239915178,1734.6042705937498,1774.862245556655,1769.4884292162358,1782.5742694646842,1731.4789982923382,1744.9985408563905,1719.789528744613,1761.0145374479107,1772.3853575435533,1773.0141411062193,1749.1992862647398,1760.1516329844542,1794.3932073894966,1803.3499773780109,1792.040731283793,1789.0428909290997,1847.843496037262,1891.043509601116,1948.8239117885685,1934.468174770805,1924.0415290085891,1930.824499453432,1941.8331762398377,1930.898077423396,1900.799266160431,1900.9522163882468,1933.6515274024432,1971.222225955925,1983.552516349797,2014.3587226876168,2007.79212026316,2062.77932983655,2089.8067149428352,2115.075649300403,2143.363618212761,2232.378303848352,2244.183663442818,2258.5062853593195,2203.772170321148,2214.2989646194114,2209.09093504264,2227.917672450936,2323.566708686326,2332.4340131360245,2324.1059253816024,2269.834310894647,2229.194693462918,2180.96926421488,2200.896075467293,2255.0728152095,2350.0811687231394,2394.9429500666365,2418.512071463155,2412.8132095231786,2361.852552642959,2360.2436079393706,2386.096643856118,2443.624484212149,2489.0135291386773,2510.677177718927,2516.9641903907745,2482.597427404464,2439.733109082165,2402.266666666667
62085,18,11373,zip,NY,NY,New York,"New York-Newark-Jersey City, NY-NJ-PA",Queens County,,,,,,,,,,,,,,,,,,,,,,,,,,,,,,,,,,,,,,,,,,,,,,,,,,,,,,,,,,,,,,,,,,,,,,,,,,,,1755.138704905427,1757.504036919863,1801.835266748224,1819.728376454378,1834.353046954588,1856.8401742090232,1837.0674106895488,1876.506310443964,1865.6800475042053,1878.7008297819248,1914.2267092276943,1968.9226628545048,1999.0270640540512,2001.4520312719512,2020.5448528579016,2051.0837480189693,2049.67635861019,2036.346853358394,2062.368110788953,2068.451262387556,2110.067813102611,2145.734631183879,2166.1094474003867,2157.702695979377,2128.8268657992044,2131.7267634455707,2127.6027505246457,2114.76666241531,2140.74076014348,2143.38918615275,2199.765587746665,2200.777805169234,2207.61420377638,2209.107419693995,2203.8416822307004,2211.7655319299306,2249.014785595012,2277.8031983623778,2310.0963486412847,2303.2706574065264,2309.239012857162,2335.5926556090776,2275.2331819022165,2282.920081040701,2232.607086150198,2270.984225573977,2277.961283682007,2288.028610546005,2290.810704050383,2293.397373851709,2293.302779433737,2327.188054905574,2341.134358119189,2356.594548761352,2405.8993725735336,2437.925228059813,2510.7095171773585,2518.9603174603176
62037,19,11226,zip,NY,NY,New York,"New York-Newark-Jersey City, NY-NJ-PA",Kings County,1846.137922305015,1874.3244772777991,1959.3915932180937,1951.9155892102376,1961.9364647553728,1944.263009171836,1952.5950603198592,1966.476381156074,1989.1691584470204,2008.979022093745,2008.7529445136672,2018.2555155119944,2025.517147950796,2018.8569440776464,2041.8805456587595,2054.281369046756,2073.3229909858896,2093.64270351244,2115.68101360666,2118.5912513023545,2095.955057553958,2093.1436630642406,2128.1838117349675,2160.8437885754283,2167.5630929254457,2162.178944307786,2141.6630596506834,2132.317834002345,2129.142085074858,2147.071217983156,2153.794022602414,2149.023822451694,2146.8579181792666,2149.4174281765995,2143.645963726125,2146.744672231296,2149.438145054825,2180.4797473708245,2185.5671646891137,2213.78598168954,2209.635961631974,2213.530992483893,2212.070980646242,2227.3051592635898,2244.246108033833,2245.8729882722414,2248.789359434328,2248.7520967894457,2255.3707979219494,2251.670730768853,2263.7826495025074,2257.943199040493,2271.796996775637,2269.7142609029274,2275.424662375538,2277.3028095439704,2280.8805871355544,2289.5586162935524,2293.99329108078,2295.7437425330604,2298.3956434044744,2297.1596740103387,2315.752041836685,2302.1939485236194,2297.547218477416,2277.6976630369045,2263.424256680269,2235.987083471446,2203.899609232355,2186.883547933394,2187.0566506312225,2177.931148121501,2148.1816173719503,2148.864847361377,2150.613939603831,2178.5419497708035,2185.2583742246547,2203.778581493504,2226.83119841725,2252.192882485165,2292.8542603752144,2312.404154824131,2342.0563557764376,2372.4712869885734,2409.347701546014,2444.797988263276,2462.742402513574,2481.3504959777715,2502.3762578925725,2535.006513945732,2552.264039508006,2561.074614761502,2573.3270702868526,2600.823905512096,2616.598861298856,2607.9041666654584,2606.5985992163764,2601.571907596083,2623.510612652196,2626.797269154486,2631.331516607383,2629.524254123199,2625.7387095304703,2637.6982890714075,2632.739599617966,2645.310741893621,2646.5702322766647,2675.488573375746,2688.568110636942,2697.007897554796,2677.9840850459423,2676.622843211941,2675.692251328016,2683.151941264869,2698.7689415505256,2702.9387328021176,2701.544506740197,2677.181323634353,2674.574548225198,2679.5107382528668,2707.898141600272,2715.939254345946,2734.9565740158805,2748.056222990703,2759.6455099142,2764.414337032086,2766.374134421871,2770.6335405498235,2785.9396198821946,2807.8386134453003,2820.5824249965963,2818.2721225194578,2803.11274509804
62018,20,11207,zip,NY,NY,New York,"New York-Newark-Jersey City, NY-NJ-PA",Kings County,1673.4546557060437,1601.8892319240936,1553.4200315498326,1611.302214844308,1666.9574538117854,1761.8739437634956,1728.4286993402309,1738.6299752735367,1772.1813607235756,1778.3227029052862,1796.697160297301,1770.6574346768568,1793.8963678739,1840.4032034064908,1925.6944876524956,1938.184424681881,1893.351793620703,1839.5415482926085,1838.0200015672365,1856.8975616171315,1846.2006987623165,1855.9581350353697,1857.782984008855,1862.1688766641453,1862.2512341486345,1864.098254568246,1873.4471808344329,1874.9227373896765,1851.884852411179,1850.5447174332944,1851.867447751093,1883.7533313864744,1907.8352419082064,1938.853284667197,1916.68231996065,1930.7721584586093,1907.941880087801,1931.299054893649,1919.374469920947,1971.0688957409684,1980.729910860198,1990.821975851204,1965.4098645546449,1981.1455929762403,1983.038739380661,1976.586293111698,1987.6532430770403,1989.3777413851165,2013.8442706141875,2016.074991248952,2022.0766335573612,1994.117207067732,2023.2423301167455,2042.8568071854577,2082.486282193718,2069.2629065982283,2077.6392618313444,2086.7880880362145,2111.412542113749,2126.6046500554844,2142.9814625604413,2153.313164708203,2156.076952507099,2153.400171875332,2119.114739744568,2096.4253342341854,2053.20731452224,2032.93850182778,1995.1056362405347,1966.5586428824597,1937.904715646428,1930.655194881874,1905.7758750663415,1893.0030131984397,1898.9070485085067,1916.4521034936424,1946.123202314953,1972.739635310176,2011.1998611518804,2039.4507596608,2060.7007922822017,2101.930982031808,2131.267682396908,2180.0086398947515,2213.206403301352,2249.188715944289,2267.1608122016223,2296.539605652068,2370.482109417909,2424.097239792827,2460.9822862492115,2460.007411259558,2494.686954806392,2521.242382313487,2550.9108181306005,2567.055988827218,2557.9063889162494,2549.1339669717827,2519.7263923237906,2526.4445749460697,2510.68420309598,2519.6619123125824,2551.7525332341525,2587.8206505982703,2659.6348725852104,2656.0023942604143,2655.845350661816,2625.844989956519,2650.9874802765216,2659.621526467336,2678.509558047517,2699.6605227408995,2714.36565478016,2711.377577421072,2714.0548202334403,2729.5310587549025,2702.278074307772,2707.4699506862626,2686.791808250045,2684.2804101052648,2719.9994234121214,2741.482229832298,2769.4496619476568,2775.81285984466,2789.133347185712,2810.3256333532045,2820.861915555086,2831.0869669898752,2851.989863201915,2890.0180583647743,2949.86376183554,3016.588163470858,3032.0972222222226
70829,21,30044,zip,GA,GA,Lawrenceville,"Atlanta-Sandy Springs-Alpharetta, GA",Gwinnett County,978.4060676489072,995.9380715354451,1009.7977987506046,1007.818134222312,1005.272640772286,1002.2129411100536,1007.1909069900058,1006.3371140198722,1016.4882897470172,1026.3742184530338,1039.33608673374,1041.5626669738338,1033.046510276274,1031.6529591280637,1030.145930147671,1032.6841446202295,1041.7805363135992,1051.4069935865832,1058.4957054844665,1068.2701821120477,1072.1761916699793,1080.1137848953726,1081.001067277827,1089.8833705830068,1097.1070274186873,1100.3040752823197,1102.0778394169702,1115.1080325302037,1123.59688835102,1135.081311130593,1140.4279035386182,1140.804891779875,1139.330098983632,1139.48588306885,1150.8325087901408,1157.78501984805,1168.4726381986695,1172.1453712732612,1180.3553834033469,1177.6909819481311,1185.1213533411662,1184.8370324236078,1194.933688558424,1202.3305441089244,1217.87657750758,1225.3922245360066,1228.9203036889478,1228.0918534481734,1228.9815259890056,1236.2907110566105,1241.7043227892414,1249.115818885144,1249.2648740006894,1253.6220917516573,1252.9659605086863,1256.265288013521,1254.6915508953855,1257.4436552417176,1258.5607023273435,1263.5255654800164,1265.5641104928727,1266.387693437645,1269.113367173867,1274.5849250339086,1281.8220917443198,1296.9129707028524,1313.7900152161774,1326.1456060472688,1331.9381405358488,1343.1382805942778,1354.7007934444237,1366.361228178036,1394.9690124432943,1442.0597729097128,1469.487694065108,1492.616083275776,1500.2827127308778,1509.222769527104,1525.4155129388537,1557.9809918758422,1598.1360257419508,1641.3764937226483,1673.4851105357002,1684.3093086776855,1664.683748743619,1641.5093512945543,1644.883124717471,1642.2630322882535,1665.5320248587354,1684.082459282966,1712.8884609166907,1714.2863608308885,1720.681158251762,1714.5387020034275,1705.389333273141,1712.8936816059168,1722.853187321326,1754.740091579712,1769.6013784352049,1793.8921856256295,1793.7357553652355,1792.560545877382,1773.902321797414,1766.732685158131,1750.2602763701736,1745.28946347437,1746.2061525574773,1761.6558760916637,1771.4723846556624,1755.630702919727,1730.5338890554997,1730.4803553173383,1742.725277589415,1760.709488927588,1754.6534482967677,1748.4864599697248,1756.2686200694015,1759.7386112895215,1766.9035512019118,1753.3824950669364,1751.8196564034042,1755.553384768925,1769.212140454055,1760.4104840109958,1748.0778010540769,1732.2767440367716,1739.375301160464,1745.399224468039,1743.223563501327,1740.4771671248086,1732.2696318845012,1729.113239152435,1719.3074989800082
96025,22,90044,zip,CA,CA,Los Angeles,"Los Angeles-Long Beach-Anaheim, CA",Los Angeles County,,,,,,,,,,,,,,,,,,,,,,,,,,,,,,,,,,,,,,,,,,,,,,,,,,,,,,,,,,,,,,,,,,,,,,,1890.472065210853,1869.514090938076,1869.1387888940253,1868.733704484525,1933.0201231893968,1955.9098192983067,1927.5566618017087,1894.4936943876487,1872.3457820202984,1889.2159839945043,1946.8813157737231,1988.763384331845,2003.29016727504,1994.5836032159596,2001.6901594804692,2017.776969567618,1994.196090900431,1992.553161682113,2029.448353053287,2100.1066487907265,2175.815914471928,2172.452826204239,2133.487213288402,2116.74342648334,2146.3507053619774,2217.5290061804844,2244.6425985162937,2262.37500660606,2237.51266549458,2282.1495149018383,2301.8456385709696,2322.7141381669644,2301.872695441327,2329.5554555767635,2358.120989074931,2405.556321618718,2363.998100316053,2350.3608658581497,2340.903086187497,2372.717024368993,2436.522590092673,2450.047679643605,2468.759920666121,2462.1998462161523,2472.039126254612,2476.5331491813454,2483.466526090664,2477.2809577743383,2529.4058100421908,2534.385556020647,2518.364916734711,2498.52537416431,2480.6712075339337,2461.323492820824,2442.488896307384,2432.4849679441413,2427.482322610497,2416.4662640394995,2406.8562640488585,2391.3201401787583,2363.066522685439,2345.212691258189,2346.252136752137
96817,23,92336,zip,CA,CA,Fontana,"Riverside-San Bernardino-Ontario, CA",San Bernardino County,,,,,,,,,,,,,,,,,,,,,,,,,,,,,,,,,,,,,,,,,,,,,,,,,,,,,,,,,,,,,,,,,,,,,,,,,,,,,,,,,,2690.556386114164,2685.47924312286,2694.031624874401,2733.033481036904,2830.886776942737,2859.582693512419,2882.5930298393496,2858.626940712691,2867.94270379022,2869.365288990348,2870.990392283766,2880.245482304439,2910.1143610262275,2981.187746455716,3015.6160501892605,3011.5815001266906,2947.7616376974274,2960.07225388708,2976.750565125366,3005.233817365894,3042.391334596808,3074.9967470051097,3107.2848052228383,3087.152444429932,3096.705068178719,3096.0306201463923,3078.107570341758,3070.836857196915,3084.9035506309924,3075.2133602490926,3094.418486715454,3122.44735632959,3137.2321226452186,3128.530375178458,3123.5835679255306,3149.0541211802315,3149.1930178869125,3165.4589150511383,3161.984445513364,3196.1610297202137,3221.273917297019,3241.982196732424,3237.071653077066,3227.5257236430057,3216.8092526885125,3228.232546139385,3236.9571474145346,3244.448531689483,3253.607981043591,3245.685158779304,3267.2855083675995,3260.3416666666667
97771,24,94565,zip,CA,CA,Pittsburg,"San Francisco-Oakland-Berkeley, CA",Contra Costa County,1320.489954573925,1335.874562452893,1359.8900562500412,1348.4948317051635,1352.859760924087,1355.143070442801,1390.1393491963563,1386.5663136572036,,1380.0810331189386,1393.655617379364,1409.459702862253,1425.429397347708,1440.0498648647497,1459.2996082723262,1477.0157314726052,1496.6846054182397,1502.4580564063808,1482.7887989959183,1497.24282079342,1494.6521073468246,1521.0275621839744,1530.145269313026,1561.757953602732,1556.8443020421323,1550.50843468161,1552.9218253933511,1577.0560876517263,1590.2348691306545,1608.5127139622364,1629.0078761431198,1655.9637886482012,1663.2129415764032,1651.4084156635097,1644.5559021312738,1647.2248770138308,1649.608153039164,1664.8678889891194,1670.882254722734,1693.6108209308466,1699.556401540358,1703.0636605357795,1698.9817201281778,1703.6051754984949,1730.301991221715,1771.475985962646,1806.2309744920613,1826.4402178579328,1837.9604579701283,1828.410460821431,1843.624313961944,1834.062909283252,1842.921875517131,1854.0315514398856,1874.132455846052,1876.428481509515,1874.2119600290407,1861.929142711963,1855.3215268102588,1848.6708979680025,1856.124547859745,1871.8132836954696,1932.8394011801704,1952.8329773919336,1940.6719559321184,1942.203929972648,1936.8319998999564,1965.5041790519176,1991.858255145022,1988.912831336215,1974.7819755027776,1962.469320736488,1977.621208927728,2007.247307138816,2019.6352027632013,2037.5197649458737,2040.835959641204,2054.013578592282,2068.9205031576807,2078.5291383308254,2080.5346695042517,2089.601750293785,2108.221970816006,2141.019184274006,2154.445780821123,2152.5062010318707,2145.60035927739,2151.509796302072,2198.0570608043445,2205.0414390177198,2212.9546193070105,2203.207957185926,2212.5141814780814,2226.687699549764,2239.369184349864,2245.270994748872,2242.679939610205,2233.3029659571403,2239.2798397824204,2242.763712337796,2239.9369333620048,2254.3467373019294,2279.156728517124,2294.5391063015823,2301.440824766696,2293.3648289830994,2302.441936776418,2314.776180521609,2316.70198548995,2318.829065297737,2317.699450589869,2325.7701958972166,2323.877248221931,2319.2687529909226,2312.803167827917,2324.6845121122583,2328.4619892079336,2336.4242079885025,2326.746492240803,2330.908426034357,2342.7869169954965,2358.0999470785405,2369.037836766654,2370.444809950139,2373.573242520949,2377.6194558340585,2377.149238286972,2370.5781212301235,2370.123002089469,2371.6583281403896,2377.6619660023634,2371.679694157685,2366.0419913419914
92036,25,77573,zip,TX,TX,League City,"Houston-The Woodlands-Sugar Land, TX",Galveston County,1245.8440734840503,1258.302502337596,1256.825289068956,1260.9048807957429,1258.773537817594,1262.6825356704142,1259.9892941612763,1266.501921262881,1268.506466714118,1267.6203306716488,1265.0129666136818,1259.934657535799,1264.2012729047162,1279.2869476220274,1291.553822436761,1304.6554922871408,1298.1298103774452,1301.364067245437,1294.4448275521231,1290.2273079345368,1286.2543941355368,1283.9682687272011,1281.1216412698464,1291.0427418934746,1299.6561492779665,1304.6193666248876,1304.5029578481372,1294.60124151629,1301.3011044372831,1301.4585585251373,1311.8536474765224,1309.7084343005986,1328.7623116082054,1337.231052575458,1343.7495017592637,1344.2052349789471,1347.2809151490285,1349.310041683728,1346.056040287637,1348.765447645837,1358.0350458423052,1362.0385952611932,1366.050537606134,1369.832471114693,1363.6967588165778,1364.4422833822664,1374.516108309954,1374.08222003495,1370.628180373928,1365.3133780311314,1370.675929860871,1376.0490867991314,1372.4783932470068,1373.9615376059735,1372.6227264935233,1376.8082024057337,1378.2477719676087,1379.4872506977777,1374.8765484464102,1378.819771789195,1384.0285976835507,1391.8122868430537,1396.6869780140132,1392.5927906602396,1391.5848609621908,1389.1364927748891,1388.757687408466,1390.0653891121144,1386.3675993050288,1394.7053646869538,1400.4997559214355,1404.8916105151022,1406.7711951309063,1401.7791795842195,1413.0846751318445,1418.3314751225382,1437.0969670169532,1454.4666261410712,1473.8593226091862,1494.4509200172986,1525.104183848439,1544.5640336140264,1554.601683280392,1561.2545923003486,1568.2709812977998,1593.4544137022845,1606.3924093234502,1621.3044642563336,1614.7261715592108,1612.2882811532222,1615.6586958034602,1626.5092879333438,1625.4557593603097,1620.9757133402438,1622.4174423848283,1626.232400009626,1635.1196160904874,1631.2916512385602,1641.0757747604564,1650.5601844069868,1666.128395832607,1679.2310255114144,1689.2103957578004,1689.4498241779336,1678.8375533952951,1682.497786417752,1686.3019855786836,1690.3596320414708,1688.088149221891,1690.040538846457,1693.264639763219,1696.9767141294603,1703.7600830958238,1711.9847807530473,1707.748701048083,1710.200409079585,1725.0206639463795,1733.8283660177467,1740.9055851559892,1750.7284953642863,1759.0849674934386,1766.523629670989,1767.4333613070578,1767.17926376981,1764.9060918864998,1761.3176254444854,1766.9455386372836,1769.7135105490995,1769.2485408452762,1766.520303395141,1762.898019967581,1755.4070870354728,1749.8171024377923
96816,26,92335,zip,CA,CA,Fontana,"Riverside-San Bernardino-Ontario, CA",San Bernardino County,,,,,,,,,,,,,,,,,,,,,,,,,,,,,,,,,,,,,,,,,,,,,,,,,,,,,,,,,,,,,,,,,,,,,,,,,,,,,,,,,,,,,,,,1964.3347956619968,1994.5022903631848,1989.779837664096,2024.813838831312,2041.161070366609,2063.09028188116,2026.1556985978295,2031.6682879939603,2062.339944561992,2091.210119409823,2115.295185069902,2130.399234632752,2155.284090309012,2124.037690787078,2115.146269763372,2096.789477277128,2127.1087352535124,2159.605142281521,2182.3864498644352,2189.863209319956,2190.965109969806,2218.05766344914,2219.8009388739924,2227.197357450527,2223.727371028084,2239.7665785562044,2244.4807479048004,2242.616235450317,2247.355383829384,2236.661126544779,2250.1478448540493,2284.942941727205,2293.347969635635,2294.2247261771995,2302.452213078195,2311.9863312624616,2319.111958614277,2336.723546640749,2357.7906968889056,2378.829389988348,2371.6545688027486,2371.264693432439,2366.382441436325,2342.5471259695964,2335.8538413639976,2321.777777777778
96083,27,90201,zip,CA,CA,Bell,"Los Angeles-Long Beach-Anaheim, CA",Los Angeles County,,,,,,,,,,,,,,,,,,,,,,,,,,,,,,,,,,,,,,,,,,,,,,,,,,,,,,,,,,,,,,,,,,,,,,,,,,,,,,,,,,,,,,,,,,,,,,,,,,,,,,,,,,,,,,,,,,,,,,,,,,,,,,,2469.2833089651867,2516.508314570872,2474.999886569497,2482.804658469606,2477.16251793754,2484.468554631148,2493.8888888888887
96107,28,90250,zip,CA,CA,Hawthorne,"Los Angeles-Long Beach-Anaheim, CA",Los Angeles County,1067.3156583586751,1068.832923109385,1097.1972443823634,1093.1391644596624,1104.1194128079626,1098.0421945700652,1113.0627366992376,1121.5486278343178,1125.7891594969035,1136.2061147962988,1147.6893895682929,1165.2853339826422,1160.5304864922252,1187.9243808821316,1191.724528744682,1209.3415378641976,1204.463219121801,1222.578824885017,1237.9455035472458,1243.8508489001274,1260.5483510654203,1270.9860409020423,1279.971388193232,1296.0437217918395,1318.7503441187266,1329.996482139149,1335.2753356596406,1341.1531138374464,1360.375714575974,1363.678619203151,1367.706934292359,1377.6708408390082,1384.4429128111394,1387.290486331996,1405.1185561389964,1415.118831278639,1423.4402335553116,1415.4461800576507,1414.6009897810386,1427.4002784263516,1438.5161096332074,1455.228644419984,1466.93260185286,1473.872222034412,1477.903641566065,1476.381711991138,1480.5396745453295,1468.8083776057756,1483.8778055979126,1502.0212662012173,1518.2724668940723,1521.0689771000543,1522.8269283278366,1523.222493346112,1527.0090284486876,1533.7237041174503,1541.8770085585938,1557.5795605006035,1561.1141260106017,1579.2448508849288,1576.030770823406,1580.0829129267347,1561.470466989188,1563.4394747911754,1576.0810206467136,1575.3819061478807,1568.2257811347956,1567.9585402821854,1568.627322952341,1580.236156365013,1594.916518549719,1593.6109986977222,1596.5248081757695,1601.0609090733276,1616.6468364281204,1620.4622935418165,1619.0320320703795,1616.2593415151978,1641.1205332187235,1647.185078779709,1674.852365746169,1674.243209308308,1688.4403135486932,1716.210406229147,1737.0522177076878,1752.612079098635,1740.2438761542942,1765.793816715012,1775.3016367387136,1811.4560774294569,1812.8374609113548,1844.2654792745225,1836.258302054188,1840.476924499913,1825.0044798234348,1831.2183567804605,1848.8441932199707,1864.102223473909,1872.6176287954493,1875.2901792653176,1893.637316275711,1896.234671040777,1897.375087176017,1885.4552646730892,1888.4832823520271,1909.8687828932077,1936.5298754385208,1939.5457305473465,1914.574386315911,1893.4481510444864,1901.179170615484,1908.6915476354127,1919.7904170786037,1925.890596460836,1945.836858703692,1945.476853944296,1958.281097163941,1969.224779304524,1960.7037105346417,1958.1052885854915,1968.5711023079853,1987.5436264631603,1992.939316785732,1993.7551557918987,1987.7038534609237,1987.690228676981,1984.1114371338765,1997.0117206961452,2000.1712841847573,1994.2930475727944,2004.3862252888948,2016.4902827218395,2029.812865497076
61639,29,10025,zip,NY,NY,New York,"New York-Newark-Jersey City, NY-NJ-PA",New York County,2937.847349118906,2939.48462151942,2947.8654701289724,2957.7060869226075,2967.738922728426,2975.790294589342,2973.089822280044,2969.825791976293,2962.8269566413264,2983.398533387149,3000.0268939481043,3016.26227184448,3015.6484918588094,3015.7347702542293,3028.865279720015,3022.4718330947817,3018.4351367582653,3006.232914036668,3023.7196216096536,3038.8205429815566,3043.7722152973943,3028.140994342869,3004.5655858603723,2981.03654236873,2997.0280685440607,3007.936345696693,3016.3588893206256,3004.1774654069663,3017.205726116495,3035.202262431726,3037.231011311809,3025.067761033097,3027.5066082492103,3012.4899934597206,3011.8207793180163,2995.247630689148,2994.2730317559312,3001.4419183661757,3022.188579575585,3038.971895112505,3040.8477482305543,3040.421270157459,3046.1957671510177,3047.666463225619,3051.205104124301,3069.24148244812,3092.1720452051336,3131.8358245125187,3133.285518967973,3124.7484203430845,3113.547932982477,3119.9493956804777,3126.270666137864,3134.4510032237927,3140.882364740208,3158.530388033186,3170.1247581883663,3182.43738916916,3185.924993658324,3184.755614536606,3198.560916728745,3217.7535603405977,3209.6213371261706,3167.399777870904,3097.390515021316,3006.2530448640914,2950.3503954056414,2870.4134066473894,2797.057725933312,2751.511302412488,2730.5374694516663,2717.6285750363454,2723.5918277214982,2727.2817869044825,2768.039470020883,2793.8716426424417,2863.6724054448127,2928.202436068347,2993.9733061100906,3067.156871067621,3138.3775414630727,3210.8266070177306,3280.031976431637,3351.562615329586,3400.6553736031888,3449.7959036026155,3458.324358794336,3484.679596708542,3488.9005388937235,3528.7517255191065,3559.3925989139307,3599.225798773579,3630.036679984136,3647.391480810538,3656.316246103554,3665.003508531491,3678.599913225273,3659.8940448382314,3655.8709836834537,3669.520671356184,3700.652906485033,3712.601513926476,3720.244369039505,3718.79261209222,3738.509473365916,3724.672241803325,3720.2842583107577,3691.243707880868,3698.6679031513295,3720.5148288788464,3758.971998447058,3796.9067229568377,3830.37890917288,3851.396978105083,3858.0611382538455,3863.494594470578,3870.070533627569,3885.219368337952,3907.2956152184624,3951.16286873009,3971.692542401392,3994.908783262408,4004.9562888210494,4002.900722593432,3999.048424627728,4007.631358511037,4032.4288106823046,4061.058518389069,4080.5882379432937,4113.354134565401,4137.885365568691,4157.79046640983,4177.301124664425
90654,30,75052,zip,TX,TX,Grand Prairie,"Dallas-Fort Worth-Arlington, TX",Dallas County,1042.155757669519,1051.7827005022052,1061.321281959749,1060.719302863865,1062.810240286636,1071.7281784228917,1075.4746113357266,1077.4482231872878,1076.9394008491652,1081.4620130886588,1089.031182814132,1097.123806502341,1102.4161166007646,1107.776666693956,1109.6485784879492,1125.13160465466,1129.96765673117,1131.9110117411624,1136.3263321526292,1141.682988284212,1146.7215174310345,1142.446297740605,1143.977620478751,1157.2100056960212,1165.7833336467363,1170.7371367939538,1178.157408678045,1179.914966286196,1188.2023257501996,1186.062852546863,1191.0645135386326,1195.544596359964,1201.104729976625,1210.4277943375976,1215.042468344383,1215.9846808373948,1215.157703035574,1219.415227055044,1223.9141477177006,1231.6077027060016,1232.105125746483,1236.1489812135703,1240.216571489387,1249.5331932064796,1259.6834994771584,1263.2479892264814,1263.5414908814646,1256.7222805731594,1264.8713570888074,1267.159209030525,1268.4829228277051,1267.4901966938385,1270.9735778453453,1277.2143512455864,1279.357351847567,1277.4335745490923,1274.3133174167397,1276.1111720919882,1281.1951664056232,1290.9158432522531,1291.0954319026075,1294.0055729446517,1295.6903729004437,1302.551875242114,1294.9288966488527,1291.3626202374587,1294.8330981654576,1305.0852782109491,1317.584749091222,1321.441719293988,1328.1185490221471,1331.3086206817418,1344.5594820851118,1350.32072948445,1366.2159496155698,1382.6632612677324,1418.477050484582,1446.427038152577,1474.7194661336189,1494.3289303177137,1511.339139309135,1528.3374094769072,1547.7157167654088,1557.7480179647398,1579.101063558208,1594.2748086456213,1613.4683872703383,1620.2441555917044,1625.54896966018,1635.8292209711774,1641.4050286516924,1645.973940134863,1649.0121391410682,1650.3166278661752,1648.681776031691,1670.8921630405712,1666.471631079326,1665.7196078164138,1648.9284926639643,1650.5291425829687,1645.922241253876,1631.0409490936445,1624.0278646828745,1617.1376688715952,1623.6581862818632,1625.7642597477986,1631.779229044913,1627.6499869126608,1629.419937681682,1630.9936863101907,1637.1226905470742,1634.3802013749837,1636.6289673543058,1640.1134779378197,1644.5757570080748,1644.592029050806,1647.8811707619675,1644.9699875227332,1644.3184595477053,1636.2836802783845,1637.7651626115337,1637.2543254681157,1639.1498740512593,1641.3905475462832,1641.9501608892815,1645.197612089685,1644.657489792434,1647.5620957427031,1641.859779684217,1642.9912655500907,1641.0586187613962,1645.1151906644625,1644.0006804109682
96239,31,90805,zip,CA,CA,Long Beach,"Los Angeles-Long Beach-Anaheim, CA",Los Angeles County,,,,,,,,,,,,,,,,1112.833303454545,1098.175758927248,1095.8212930821032,1106.5045150385408,1138.9754569943466,1138.1394134724126,1132.4185337461493,1135.2496448780228,1154.6220581455582,1164.9745014662262,1168.8774664622313,1183.8078602214136,1187.6977165431233,1196.418336871912,1198.1175613517653,1214.8020101955865,1228.4307590871206,1241.0009065416828,1249.3538291225398,1242.701368131942,1258.738875750754,1263.9226193708737,1271.9530992511147,1261.9915534545414,1253.713907121568,1284.1085865493371,1299.7575639117736,1329.3154537830362,1324.0556253893424,1331.0870697004657,1346.4366219265808,1356.7811861077353,1356.7453604936736,1364.5103370854158,1392.257761548574,1411.784636856071,1437.1516659220858,1433.718033823839,1443.3445099372889,1430.3571574913487,1442.83760261233,1453.5158566066734,1460.1369489157496,1476.0094784504088,1484.523190692571,1493.5080815009926,1485.164146131312,1480.5590789734354,1486.1243633302906,1485.1256247912777,1487.7916817561195,1497.1510718763818,1515.6013896774327,1520.2887898341442,1521.36059911443,1533.445181061851,1530.7135870547634,1537.9372359331871,1544.6475317024483,1565.4797959469042,1554.686083755564,1567.4179064722475,1565.7694155092834,1578.140859837109,1547.235489708729,1544.2537543687738,1558.8925428957143,1596.913346801887,1631.7103230998105,1631.734442963328,1642.627640087379,1643.97329089651,1687.4611502850769,1696.8155411936227,1701.6177798682013,1699.7155666844749,1744.7130244494604,1774.3539412697944,1795.786151846229,1736.551874797787,1745.987739604577,1762.8435839954625,1794.013056459234,1784.664462182686,1785.1478269624067,1799.542038614177,1833.132986017656,1852.7092437574884,1858.620786604456,1856.88216712045,1847.994659322984,1888.2931354284328,1893.7887776861648,1887.310787287601,1872.757184008336,1890.4263094852129,1900.544360113311,1917.05578511688,1904.6022245316003,1913.980598093281,1922.0909251391772,1937.446603641505,1944.9482374866288,1954.2971309898105,1938.024965863048,1962.2568392047888,1973.4587639479448,1981.3529678829764,1981.2033379199177,1975.4514627468616,1983.3637640126767,1982.3253398007523,1979.6814856712365,1977.239630677864,1984.97901524242,1982.1249273660587,2000.95989285857,1993.0662393162395
62025,32,11214,zip,NY,NY,New York,"New York-Newark-Jersey City, NY-NJ-PA",Kings County,,,,,,,,,,,,,,,,,,,,,,,,,,,,,,,,,,,,,,,,,,,,,,,,,1813.7320809914136,1824.7719531675152,1777.4578146559015,1782.8828210966165,1791.994885361495,1806.6171275628365,1816.242890563852,1801.4632784761643,1802.7309545593528,1787.770962396203,1786.8152306608706,1776.537314645502,1777.1775248331965,1753.084722896589,1807.978634670443,1756.4373049653132,1762.4610629984156,1722.921913156606,1757.1819134624973,1779.1096945536112,1809.8692217993944,1822.206854166931,1832.3071177742183,1798.0078011188386,1804.9210987264144,1772.443587813327,1767.0562822963122,1772.352853927989,1796.4549366769606,1848.998291674417,1843.22643187768,1845.897246544365,1834.0798934412287,1836.5876869127765,1830.6170201692837,1883.615521174255,1904.1081229633628,1955.9570334933976,1954.3138968472429,2001.0369718366223,1989.965512904001,1974.501223498572,1969.766341786148,2007.8560627307684,2028.2603664936344,2039.5900441056008,2046.567134453088,2062.564967074125,2062.454937159416,2082.2002579567725,2101.7732096480327,2113.257710844255,2153.131096745349,2176.085383556932,2213.972154552607,2187.653844972072,2183.212614081336,2175.309582465221,2200.6427895634897,2205.0820573520177,2243.603531357311,2252.5858536922096,2265.093404872724,2275.9895290171385,2297.3732721530628,2291.718440824264,2286.540319337673,2297.0091783003045,2331.0951672419737,2360.719438671015,2366.1291693163816,2365.6242737230878,2349.588235143966,2348.1649438640675,2356.539682413124,2359.557902163988,2353.3259760683354,2377.1585477709264,2393.556012309527,2420.245879786398,2422.179801139286,2431.376949346222,2444.067712787203,2469.0179475084506,2494.7261904761904
84620,33,60618,zip,IL,IL,Chicago,"Chicago-Naperville-Elgin, IL-IN-WI",Cook County,1309.9477987196842,1318.0208522344285,1318.3996693486308,1325.647512989874,1336.4018944321228,1343.9863972948297,1347.8003311665284,1339.7965391789828,1350.7380567362457,1355.953672532781,1377.208176778898,1375.8863136479306,1377.840921277676,1378.9722851780705,1378.9325858850684,1383.5369137700573,1378.881916677066,1386.8756632545578,1390.786012049888,1401.1138558409702,1402.8160156396966,1410.2170562419235,1399.0571773846016,1408.4344173031254,1407.959348592827,1420.9357042787476,1426.8626161445434,1427.4300539944777,1433.562045074016,1425.6165889336587,1427.2264944086753,1426.418505929306,1426.168543694366,1430.5978803696366,1441.2699673425614,1448.6730359271053,1453.9547484747409,1452.256077668759,1453.0346091702042,1460.3811864424688,1459.7372238197484,1465.5921068507164,1468.9364476649891,1475.2544478661848,1478.6793999407355,1477.660105246055,1480.1311488275874,1471.6417439073532,1485.2087078927166,1492.7266336504276,1498.432678352318,1500.2698580246608,1507.0992753485516,1513.0075818004818,1516.9905723549218,1518.709088872691,1523.4808716828325,1528.3199519957986,1530.4322621101155,1539.0703313003946,1533.2273150525352,1532.7614217331584,1524.70269352765,1524.0654474382509,1521.4409491399667,1517.5930961402228,1521.971327966014,1522.9820918815649,1518.3917811029364,1509.7386793855217,1501.810606150295,1506.7133365495968,1514.8509386911817,1526.9385296755538,1532.8139409310168,1536.450364308825,1536.938666619679,1542.4945500423603,1547.5606190907913,1553.7291972888115,1560.6228615289206,1571.7879106540906,1594.9176379050095,1605.913938662641,1622.2514162900934,1620.976702987186,1634.497776073617,1642.1124092867742,1655.558040903399,1662.678121784717,1671.888786095093,1686.88526701552,1706.5800550144622,1725.868219989619,1728.6991958448575,1738.4880595635848,1742.099906714158,1749.688955682837,1744.477083489009,1753.790476865366,1774.5151902124658,1793.4204033955452,1806.7202130749145,1810.2007188564803,1821.4146044685028,1823.3885291255167,1837.9391496251503,1846.5302569931368,1847.6451828248923,1852.5861962071256,1856.549047577072,1875.8114503923985,1878.3235317572337,1892.29081515681,1905.961557700859,1918.3380494824607,1915.927380090278,1930.2229355205984,1932.5531633328908,1946.085814443461,1957.047877148511,1973.2068164045756,1993.6504201133832,1995.754676364204,2004.139188586545,2005.8603106981727,2010.671109294428,2020.581359920621,2037.41374093218,2046.059977800496,2061.180406618222,2069.459913180146,2084.9163359788363
97223,34,93307,zip,CA,CA,Bakersfield,"Bakersfield, CA",Kern County,,,,,,,,,,,,,,,,,,,,,,,,,,,,,,,,,,,,,,,,,,,,,,,,,,,,,,,,,,,,,,,,,,,,,,,,,,,,,,,,,,,,,,,,,,,,,1364.8418117027009,1341.7758183480971,1419.0502976898606,1442.6740471930425,1435.2693559213894,1416.830783628477,1460.31359407612,1492.5460960388723,1522.9608349565788,1527.8590830720143,1529.53472503362,1535.1798088290534,,1528.653675326885,1513.942634603348,1549.8737870741531,1570.3761629634594,1553.4960299766258,1574.6587495631866,1580.6952547936671,1601.873113979721,1626.3986337704744,1623.3146525106429,1655.7100884063475,1627.0345102312765,1636.672458726176,1623.585978804791,1638.6719631681017,1627.229243757861,1650.120922932268,1643.1330060256437,1637.8094685760734,1619.4177600786527,1612.9704812293674,1630.2555875795645,1640.0731427112094,1693.9974902983563,1707.0702935014567,1732.808597598128,1722.645197160925,1748.4047619047622
96125,35,90280,zip,CA,CA,South Gate,"Los Angeles-Long Beach-Anaheim, CA",Los Angeles County,,,,,,,,,,,,,,,,,,,,,,,,,,,,,,,,,,,,,,,,,,,,,,,,,,,,,,,,,,,,,,,,,,,,,,,,,,,,,,,,,,,,,,,,,,,,,,,,,,,,,,,,,,,1807.2765763479067,1785.1789000847114,1805.9006264854495,1834.8136091566512,1852.2728219259332,1858.8606323996328,1886.9150286288636,1880.899854450015,1837.466167912799,1793.7769390775686,1795.9926960473451,1842.1792056988647,1874.761322089561,1878.0964479184877,1890.938132267036,1876.8040109957349,1882.9870816133964,1885.210676997811,1869.1758614713503,1889.0630483338405,1919.935325524786,1971.133094297381,1970.4179406541912,1956.062391121771,1935.4501404211064,1949.6574097674284,1945.0
62044,36,11234,zip,NY,NY,New York,"New York-Newark-Jersey City, NY-NJ-PA",Kings County,,,,,,,,,,,,,,,,,,,,,,,,,,,,,,,,,,,,,,,,,,,,,,,,,,,,,,,,,,,,,,,,,,,,,,,,,,,,,,,,,,,,,,,,,,,,,,,,,,,,,,,,,,,,,,,,,,,,,,,,2472.989103356874,2503.8818332507813,2502.016295910401,2551.5614565552023,2560.4848868133527,2586.7654984183564,2529.999238711461,2521.210933450706,2547.5464812355926,2574.9108810547536,2596.6704933106957,2597.990093214873,2656.7834764943905,2711.083333333333
96368,37,91342,zip,CA,CA,Los Angeles,"Los Angeles-Long Beach-Anaheim, CA",Los Angeles County,,,,,,,,,,,,,,,,,,,,,,,,,,,,,,,,,,,,,,,,,,,,,,,,,,,,,,,,,,,,,,,,,,,,,,,,,,,,,,,,,,,,,,2747.492458649412,,2790.378908808086,2792.8517477830483,2804.51508721056,2868.8404104155134,2835.688177515244,2848.4184399231485,2798.102065470475,2827.171798494804,2839.00845849071,2851.846358158441,2857.969496199555,2886.813203703559,2917.425040006917,2922.754136787697,2971.1750322034563,2984.7703250620684,3032.2844388337235,2998.2839617203927,3021.298805491748,3103.8796695179576,3135.012049468669,3137.928580320277,3097.603808801746,3081.080575289041,3101.30044570738,3081.798014498085,3084.1224211264234,3073.543669981504,3083.4707749546387,3148.162360920673,3145.476408970468,3145.377604373357,3159.347048174824,3189.436254199564,3229.516897091561,3248.412513482999,3235.0248194321957,3265.116699593992,3249.399307043529,3246.2460144997617,3223.489691429277,3183.452608882326,3174.794571750855,3113.8972815970974,3066.217607772384,3014.1055555555554
96990,38,92683,zip,CA,CA,Westminster,"Los Angeles-Long Beach-Anaheim, CA",Orange County,,,,,,,,,,,,,,,,,,,,,,,,,,,,,,,,,,,,,,,,,,,,,,,,,,,,,,,,,,,,,,,,,,,,,,,,,,,,,,,,,,,,,,2310.7023377729734,2329.821820917832,2359.5512810803148,2395.482887289478,2436.7694178272536,2474.9470623514444,2492.10462549708,2487.8569467480725,2459.8693983720286,2495.7011861245705,2514.605912685868,2509.2097041209645,2481.0797570552604,2485.3086444185005,2504.4131439156804,2485.9405545333643,2465.140981263192,2478.694159818664,2498.853808207024,2536.718768075075,2565.953935619105,2563.837819414055,2584.476929515184,2592.5046178843927,2607.578871591554,2649.463102242932,2652.2996667982484,2653.877714984192,2614.444323789211,2619.004933104846,2640.192421157129,2664.455692720114,2668.4670150924744,2673.070327844174,2662.80677491745,2680.913056488993,2696.006321178296,2679.66111950926,2682.2696706183256,2701.580420651901,2750.423373878049,2749.4951568757224,2734.9771178305496,2712.112142764124,2713.266032448506,2716.349771532912,2722.652813503986,2715.703703703704
61790,39,10314,zip,NY,NY,New York,"New York-Newark-Jersey City, NY-NJ-PA",Richmond County,,,,,,,,,,,,,,,,,,,,,,,,,,,,,,,,,,,,,,,,,,,,,,,,,,,,,,,,,,,,,,,,,,,,,,,,,,,2066.6695605295267,2064.088012197549,2106.0240025319217,2106.46335337588,2163.5195630951384,2143.8991937510345,2158.524085921846,2133.5826914587456,2153.128687201533,2184.983852577148,2190.850426782498,2225.8683243971464,2249.752484869972,2273.724772746591,2271.927446066398,2262.7037587672708,2249.7076419143714,2252.8995922777763,2316.6500422830395,2367.5295231861896,2411.843821881939,2413.665511780364,2440.386259141846,2424.165325104014,2414.1493179088457,2414.2661602530197,2458.781794321386,2495.3651004588337,2519.6265133450147,2533.1725791673,2520.7147909882638,2548.307826256723,2534.215684657995,2472.2231353155344,2468.1930965696697,2498.0202310332847,2652.099803930252,2680.157921963566,2665.2679569306083,2668.6574440260283,2690.725399707972,2808.5018594334447,2780.174305377087,2789.761367036381,2776.753234937355,2897.488227968084,2916.923272509811,2936.266482706684,2845.429959762656,2859.8494233482124,2888.33913663091,2909.112461214824,2919.5346381477416,2855.2869091160937,2903.5540304486444,2904.152144148154,2941.484481326393,2905.512116365981,2911.8807118807117
62031,40,11220,zip,NY,NY,New York,"New York-Newark-Jersey City, NY-NJ-PA",Kings County,,,,,,,,,,,,,,,,,,,,,,,,,,,,,,,,,,,,,1998.952393008851,2010.0292371094004,2037.6176923421476,2021.571644422484,2032.6714083368847,2023.7323490091333,2018.6972683549689,1997.2445092458568,1998.443769074552,2001.885760353152,2025.976809488795,2034.6740153764108,2016.9603183387203,,2029.786541738,2060.40026972173,2056.2273282298365,2050.240605742503,2046.546505167593,2070.884932461135,2078.0396817488104,2079.50024850358,2064.843412447732,2060.347140575989,2064.0671877865834,2063.1308217431206,2084.1597952170528,2076.375446177994,2077.9902878073635,2073.9229191175104,2080.4245967411343,2070.58508514834,2038.4215140862211,2037.9163196215636,2046.596271311255,2060.561058314484,2039.666474252042,2019.988693632423,1993.91327138374,2011.406286578572,2019.21730494915,2036.3146572098865,2017.328273204776,2031.748912469685,2056.1027009525583,2078.8674612746963,2100.953951041674,2120.860975406693,2166.4243253145555,2179.6357666866866,2199.6260055570738,2195.894805071121,2211.245583550575,2207.3167422219503,2254.18224788036,2291.4783597677924,2316.4418628168964,2334.8361930044507,2324.5539723258867,2324.125701251088,2309.1101612988264,2366.213278588465,2410.935078733028,2402.982558645245,2390.2327497125275,2398.868364101177,2414.3005944865668,2390.7489111682225,2415.9679450832004,2416.776089420604,2442.4897834605413,2407.008988846804,2436.0364806951197,2446.244847852802,2478.270019274711,2494.512324210129,2493.3772665770257,2495.813097015114,2481.921994023231,2489.547108181619,2493.6177034622447,2508.969819843807,2525.8269727845827,2582.962289084232,2572.886294775421,2560.681612968654,2537.0721180450814,2555.678082184784,2586.399139930392,2607.9071220894416,2628.833220471314,2653.6664980413,2658.8671555553715,2669.183623815542,2671.839886319597,2672.001051435725,2695.0
84639,41,60639,zip,IL,IL,Chicago,"Chicago-Naperville-Elgin, IL-IN-WI",Cook County,,,,,,,,,,,,,,924.1326380949334,928.8089303023957,913.6775725830784,924.1495758303396,935.0573418926632,944.209382738546,943.4859127888768,950.2098434248368,955.451363839761,968.4800058512728,967.8283958162078,965.4028276791056,957.9869814016316,961.0256402114288,977.7081019114283,987.4041700440808,981.841184089742,972.1777486495812,970.0547117670004,975.1790463935,981.15373576859,982.2759922972892,990.3102120848276,992.7424822897988,1012.3744710112376,1014.2470108047542,1025.9280212847834,1020.1370480062794,1028.4744951577334,1028.3214857228002,1033.3069143544467,1032.458821547472,1040.7937099336257,1037.361250342557,1043.6821659163936,1036.1000933158966,1057.8188233613168,1063.9462374025916,1059.8053538696097,1067.050496046758,1070.4978064340548,1081.7715466915329,1087.2905287304789,1092.1264692854477,1088.9945796626243,1095.0977259979495,1093.0322300037703,1104.621336635168,1085.8973341428798,1069.4687325585403,1078.4605176364248,1101.708605264874,1108.0396872543292,1103.4817711533217,1107.2538319991522,1099.77631849718,1098.8151327940143,1082.4339140176746,1103.5229417487926,1121.62201097394,1156.2672968792388,1149.5057323723786,1153.9080147484528,1133.3713025878783,1130.4213460491171,1129.447998220429,1136.6112870341778,1149.8940960163754,1154.6088958297037,1184.409355218924,1179.3333401363889,1192.396167322033,1175.9835716847508,1197.7393731824195,1180.2837441520676,1200.6434293759205,1207.2364706684414,1231.3580069334816,1244.6516875038358,1254.4136609416144,1259.9531377720875,1247.9316558689598,1255.2500035470032,1256.127178344156,1260.5388779882894,1268.7807741860738,1296.6698455257012,1319.217404909468,1321.4497527629726,1318.573429177975,1316.2017251734308,1331.034751855688,1341.9167748744972,1361.9285700022765,1373.3136819268543,1380.0900386146766,1385.6639610709726,1371.8198886602272,1376.4650626792532,1373.8518884367927,1403.8259912640808,1404.5951277234135,1410.5695824544366,1403.0385982190792,1435.711239258892,1444.6991876443312,1440.0755553216993,1429.6344767407902,1443.1482130124914,1462.7634904162346,1466.6309534630168,1471.8720132541,1464.6037243702904,1479.578334249759,1493.1895388803791,1509.7239726120613,1498.1517908416208,1504.7261788359656,1524.160278470547,1552.3246753246756
92341,42,78245,zip,TX,TX,San Antonio,"San Antonio-New Braunfels, TX",Bexar County,1008.7288571162732,1011.3820498156356,1013.8875346800158,1016.1629356437855,1025.542985439728,1027.8174035197146,1035.791110359545,1033.0505005241605,1035.525430322887,1036.824804507445,1041.412557695305,1044.7815090848771,1048.3627525417448,1050.210001792791,1055.9508088053738,1056.6835513125998,1058.7807674950468,1054.9400624144791,1058.3901253656002,1065.0724636283655,1069.665985779074,1074.256621693165,1077.9157191800948,1086.323443491646,1089.21491605137,1093.37201872589,1097.965725265518,1106.190054778479,1110.9631536314423,1117.0851923224586,1116.5007226572766,1112.0743071502684,1107.9555026181158,1106.5369785795483,1108.3144589179265,1106.4216219781515,1109.557838776862,1117.7466498166289,1125.555652235046,1130.018503109588,1129.3513582583028,1138.3502414447269,1142.8469960851571,1134.5338227579955,1129.5271827626868,1131.5329311436376,1152.3018269375746,1159.6141823549897,1173.249996850276,1171.6060553926493,1172.3782705063209,1175.3015965556704,1183.615818336305,1185.4094561225374,1192.4082065866646,1211.0734155947496,1227.5144080177988,1237.131142925488,1229.845679470039,1234.642580313013,1233.1892428630688,1241.3099434341,1244.6149080971677,1241.0276264828672,1231.3255147310058,1219.3573638955402,1219.3705915395203,1210.840485622303,1204.703002806482,1208.9292105356533,1220.8206204035273,1233.6007602791012,1235.3710284752356,1242.8229214963274,1244.0471348342642,1260.7414881725408,1274.135369575087,1304.7725500377155,1334.6690873228945,1366.1613672256117,1389.4119503488143,1406.1204553507514,1407.7733820115527,1414.3871549980931,1421.8826275455574,1437.240999637718,1452.3216843935336,1461.5799969043371,1476.8580460381806,1481.0810820830543,1484.7273707768616,1480.511213495549,1481.53309459026,1484.0288059358916,1491.0123289607268,1494.6788016725047,1501.4711861299213,1492.1637418341863,1491.168237647893,1477.5966215914716,1474.539655600485,1461.414778092235,1449.9689911138391,1443.7284228985675,1443.5485722961876,1438.163621217465,1446.1662125307307,1442.9749819046058,1450.4062460897076,1440.9650243918284,1435.2196185782734,1438.1598261961842,1439.3840935977444,1453.0157271097385,1451.5351892269964,1456.1325954286658,1449.952031367675,1454.1280330449315,1446.3358896669815,1446.856243188688,1443.5163655483086,1453.106587259512,1456.1875458358331,1458.6060168012884,1456.0939812973377,1449.960447715111,1454.332138422748,1452.7574196120354,1455.420095627715,1452.4833547228302,1451.6500727117264,1450.0351684894113,1445.4205603377377
62030,43,11219,zip,NY,NY,New York,"New York-Newark-Jersey City, NY-NJ-PA",Kings County,,,,,,,,,,,,,,,,,,,,,,,,,,,,,,,,,,,,,,,,,,,,,,,,,,,,,,,,,,,,,,,,,,,,,,,,,,,,,,,,,,,,,,,,,,,,,,,,,,,,,,,,,,,,,,,,,,,,,,,,,,,2457.829464048862,2444.788646943018,2434.255513330922,2457.784073883088,2507.4190412565054,2521.577100651837,2520.4252190226453,2539.029885015752,2542.498551388323,2556.3894437877148,2550.0
96882,44,92503,zip,CA,CA,Riverside,"Riverside-San Bernardino-Ontario, CA",Riverside County,1269.5555129967895,1281.0954023164486,1288.3434210334915,1291.1515235351435,1302.343308957804,1309.790719604565,1300.9331757978823,1292.0852847041265,1294.365831694203,1294.7596063946637,1299.1509434986904,1296.666892323782,1306.2019896748425,1310.8680378228305,1306.4820737609057,1315.1797978518694,1321.7560041331617,1325.9434673649448,1331.4430152112652,1338.876207856383,1337.7127564092336,1346.931908129463,1353.4096543740925,1387.975406472899,1383.1777410096793,1371.705106640206,1374.048838674588,1391.296750206942,1392.345786226393,1410.4831450640102,1428.9611863822847,1474.370513099697,1489.5267097483097,1477.0283236892153,1468.5266063488446,1446.5705912175663,1464.680383730041,1490.720925511214,1499.6765092077148,1498.1333202033554,1507.2100499618584,1521.6462717860616,1533.471733620764,1512.0534940666355,1511.8974869795106,1529.9809070724034,1553.9357387125144,1578.485884519284,1568.3062540751475,1578.3955579629223,1588.916115227296,1596.5322451116788,1604.2147617588005,1599.0125334315114,1595.946837838729,1604.2975552108194,1613.0714017107878,1618.162938301185,1616.5159576379788,1614.5172346659886,1626.337115501109,1619.107826502105,1666.8054786816006,1680.9520311084414,1697.6292812244355,1700.6124642787074,1706.771973520548,1730.4632139023531,1748.1042841089106,1747.3158395232383,1760.2931143504777,1788.2033213447946,1829.0866419613683,1855.8423997297364,1875.0872940566728,1904.217663630356,1941.152677381342,1987.505792971472,2008.8751441183465,2028.3127395838455,2047.5051161622323,2100.894311554811,2161.8158307239423,2170.7791910822298,2175.226533380014,2184.1277719658847,2205.4907322522668,2221.2685233152406,2211.882172685885,2216.6043623305354,2233.864243867862,2238.2075539638263,2251.6038081301213,2226.115798651752,2210.2573327404075,2221.4653813725654,2224.616995979389,2219.67588252301,2214.509582969101,2220.583995494292,2241.2642661041477,2234.0887593022294,2236.238261386047,2244.205282455548,2257.679971874989,2275.3783832145696,2277.4501619996786,2263.182650522994,2251.653342276924,2256.6147805010783,2265.397669863483,2270.6923965589417,2265.9902817836864,2274.2251061717343,2294.153226624408,2297.1839804821934,2302.783302902424,2300.292644987876,2316.089969047495,2323.105103612557,2342.1629882956063,2353.6657824173253,2359.7304937361696,2363.381791044221,2372.173396134068,2381.28727729099,2374.91634776797,2381.747559401091,2382.185373963006,2393.467276817068,2396.129916032925,2409.307961028732,2413.318300653594
92481,46,78521,zip,TX,TX,Brownsville,"Brownsville-Harlingen, TX",Cameron County,,,,,,,,,,,,,,,,,,,,,,,,,,,,,,,,,,,,,,,,,,,,,,,,,,,,,,,,,,,,,,,,,,,,,,,,,,,,,,,,,,,,,,,,,,,,,,,,,,,,,,,,,,,,,,,,,,,,,,,,1152.4816673172627,1143.5778529852148,1145.0151285503653,1153.2135142260483,1171.89674861218,1183.3796102680024,1186.7743149605435,1187.5586497157428,1188.3239664477155,1186.974591206627,1194.9549593403465,1202.2726020602486,1218.5085552933945,1225.3111111111111
62017,47,11206,zip,NY,NY,New York,"New York-Newark-Jersey City, NY-NJ-PA",Kings County,2327.530073106027,2331.67981282129,2389.7491082771926,2404.724410660473,2441.571532563543,2466.017785695354,2489.9403637138453,2489.415430431324,2488.14173030999,2495.9395969035727,2549.292538521439,2546.350944740132,2556.674939136051,2501.590633715562,2492.961397807469,2486.3974913293778,2523.325287246442,2541.51820276925,2526.1455255802084,2515.686180064574,2513.0283769140606,2552.5928233254663,2545.2974039973456,2576.214396862301,2566.155512450533,2587.4945408002304,2558.6630943644054,2547.32319428536,2524.6122715626616,2521.9463923725148,2533.250134591344,2534.399194931525,2531.5157241677907,2508.1464697398687,2529.7987442172494,2544.928184453328,2551.0852628987004,2543.907586414719,2554.904003578447,2566.8284613130445,2561.8770874084894,2554.022669145946,2550.128736692905,2555.1018569058847,2543.430505359487,2540.849662332656,2525.3153464834445,2531.3467038870563,2527.779749308502,2555.453435912673,2571.298353157838,2580.1412250848903,2598.7908369205843,2615.0224986110125,2629.31398850407,2642.795298389995,2670.827754174726,2695.026476135306,2717.6170515556773,2721.9902577633043,2748.4391543991096,2753.4599017748374,2770.700223899647,2724.304763091296,2696.653677441388,2639.402320797105,2594.810729950565,2529.555413265083,2461.992411379775,2407.489998491909,2378.1592353783058,2384.3037856144824,2388.493637149295,2395.8522155401897,2388.644187665995,2402.0510048981123,2424.7348252060847,2489.9458680281828,2560.3351689813408,2653.032850747095,2751.229698634464,2829.515991974747,2907.214441856704,2942.9326732988065,2969.675354780671,3003.9607950777736,3044.746240147396,3116.2051169385745,3159.255260489421,3184.9876912965588,3190.383325480563,3211.8537184078946,3229.132453402343,3249.5856078049123,3244.851427150269,3242.008326365305,3272.582175648814,3313.010148714227,3317.1515061861005,3316.698930514567,3300.3528781618047,3324.183098125625,3331.6766301139546,3331.0085955494774,3342.108373161137,3342.1045882626727,3327.19290201753,3319.975582333315,3318.6978326557096,3350.7936604459333,3388.15102361106,3397.8219830967505,3413.386509120912,3400.6232487637285,3410.189139409838,3396.3611498820133,3380.1160354843337,3384.1708330937918,3425.764716278419,3463.00434327589,3476.697658551376,3455.2952200195487,3446.7964194706788,3453.9278289555814,3469.9054106237936,3489.94113149362,3504.9969643096983,3537.842856782126,3567.5150588962038,3586.584656049976,3588.429552460781,3591.4252547460574,3603.821367048112
62032,48,11221,zip,NY,NY,New York,"New York-Newark-Jersey City, NY-NJ-PA",Kings County,1958.6448330599524,1969.3818090455109,1993.554758594276,2020.2866089162508,2011.5442283086863,2032.8353651084144,2032.7847175407485,2037.1688944041505,2038.609963079596,2068.16353370778,2088.7480108649347,2106.8083458721326,2109.9409538683653,2125.5792419926656,2146.926740883948,2126.550842338118,2114.2366021545954,2089.0173115542016,2117.2015613430176,2133.363865790158,2151.375852498154,2123.2122597731054,2142.5356850627813,2158.616563948436,2170.535957397516,2149.805193051546,2119.2021612585413,2150.8431335260675,2177.20366706844,2205.148651365389,2191.3311945761675,2206.614282251581,2203.8437194922035,2213.9846591537544,2198.09503367453,2200.4790130685333,2216.9745892425303,2223.954064493645,2221.857792407985,2224.0061212551805,2232.845560181016,2247.096619628792,2253.442841316064,2255.957499104049,2250.0459903332794,2251.428160889847,2259.8797982516617,2255.3827263331486,2267.3613605244614,2277.8945827491307,2304.6378097519955,2306.498035263765,2305.830854548851,2303.26185917243,2317.84181188734,2324.7484135463915,2347.797726412492,2368.862561970514,2389.289838003112,2412.792502601656,2418.5508007486296,2437.994966521221,2414.013093642759,2394.470443755045,2371.0028803287764,2336.950307480427,2300.405928790343,2255.563056326451,2214.991004640328,2196.396647383167,2181.7112076820745,2181.506654570898,2160.3433088109127,2157.9087206802187,2155.6000954811693,2180.8882726610186,2195.4493524462705,2226.013822400771,2262.0103788047045,2308.297874129805,2362.663319623482,2393.2757303531957,2444.4258662656584,2485.081753018429,2550.3776685441394,2572.4145815276856,2600.1046725974084,2624.1452188371813,2666.7835494896503,2715.434833953443,2754.156432916884,2795.243840105413,2806.9008415123694,2820.4327501355406,2808.4965405686416,2804.640996697574,2793.1169910611,2816.4974949534403,2834.361215515779,2846.810822571788,2849.397472477189,2850.880152317201,2860.2308236694507,2868.813280980912,2888.8617134468163,2900.3309167406924,2916.8368493060475,2919.149147728847,2937.7926956917004,2922.72446643068,2928.6046816964254,2924.2939609776536,2960.8613704482923,2979.7268460300684,2993.1342897684576,2984.94783301934,2974.1146597083016,2995.2123961927414,3005.9737413895677,3033.984820389884,3023.8731748563155,3050.037442712269,3061.177562408798,3082.848749180336,3073.710940771122,3077.824314410836,3084.8828376080864,3108.900374024639,3135.997509907828,3143.5423494980155,3161.9386838456458,3173.160340234497,3207.4043839758124
61796,49,10456,zip,NY,NY,New York,"New York-Newark-Jersey City, NY-NJ-PA",Bronx County,,,,,,,,,,,,,,,,,,,,,,,,,,,,,,,,,,,,,,,,,,,,,,,,,,,,,,,,,,,,,,,,,,,,,,,,,,,,,,,,,,,,,,,,,,,,,,,,,,,,,,,,,,,,,,,,,,,,,,,,,,,,,,,,,,3002.457441263416,3030.6136403699225,2973.4209150016563,2867.6388888888887
96825,50,92345,zip,CA,CA,Hesperia,"Riverside-San Bernardino-Ontario, CA",San Bernardino County,,,,,,,,,,,,,,,,,,,,,,,,,,,,,,,,,,,,,,,,,,,,,,,,,,,,,,,,,,,,,,,,,,,,,,,,,,,,,,,,,,,,,,1832.5863999190155,1815.562801341792,1852.3475758497973,1845.514282184333,1881.186798863985,1882.3192863201,1885.503828417127,1878.5695747413577,1887.20324707591,1907.199672396189,1928.4363066267445,1950.4611404524503,1948.3928202883787,1949.748559988222,1935.1091897641545,1933.0985568083663,1930.9875809075209,1941.2168377902324,1954.02335837388,1975.7014758665205,1981.2011493717027,1966.2116668083052,1961.0047946940867,1962.6400157628127,1980.392338178644,1985.1035738807643,1983.9557380437443,1995.4494543978108,2005.857485793213,2007.871088751876,2037.4864768997284,2044.5817011566248,2053.7207186749747,2058.1573936112486,2042.1944582512413,2085.9263386189923,2086.395066106116,2106.7424102617933,2128.101140461503,2140.5676924977192,2145.0666926877893,2155.6677399507867,2142.8752366221665,2144.2017917674034,2148.203347096979,2162.5436394352,2187.836966604564,2161.2000000000003
91968,51,77479,zip,TX,TX,Sugar Land,"Houston-The Woodlands-Sugar Land, TX",Fort Bend County,1677.1907249049375,1694.0481890729657,1685.720227360476,1681.0959856493473,1664.7721195133854,1668.6973867033478,1667.783628253099,1675.9626909393885,1672.7903203162668,1670.793207677559,1671.399891898658,1671.8954176797115,1671.174230854809,1660.9206027811326,1665.5351247099695,1648.4224357356854,1643.0653528642713,1632.051854352217,1637.7284072385164,1638.5204652472073,1629.6739164048354,1620.401883785329,1607.50287045766,1599.9230702942098,1603.8245550609242,1608.392867696182,1623.0174831250504,1629.5504869720774,1640.5882012948532,1635.7518678257218,1634.2145129122564,1626.221312912353,1634.7428471468395,1641.1223253444375,1651.1358109072903,1648.2793049821369,1642.0890775660794,1641.993941961734,1634.9899399591045,1635.4475792216642,1633.4946594522503,1637.8698022660012,1640.2516484218645,1644.9364291679117,1640.333176438172,1647.894626871866,1655.3809245192776,1669.6122613672455,1667.838576190018,1662.117576816751,1662.2394328278724,1664.657510749597,1665.057571110228,1668.768546322024,1669.4721713273098,1672.2458655626094,1676.5224619363958,1672.5175264793158,1667.614781473693,1662.7319744260217,1669.4339556747923,1676.3675350023411,1690.9499078872936,1678.800765094673,1669.781267189696,1657.7580413933797,1653.9362651508245,1659.4280870036887,1677.3445758704854,1708.4717792718527,1717.1947815037142,1734.753401763891,1740.481726323682,1752.2697928635753,1770.333073215701,1797.900614618869,1840.391691618849,1872.5712012299653,1933.5278158850629,1973.770768647504,1993.1776372242743,1978.1030072003111,2003.2939313742856,2011.402528431853,2012.889151203626,2006.02703564148,2007.6694289540271,2019.4601616259345,2012.247638828074,2026.411031561048,2018.067789844656,2006.3003098400643,2018.8165351559396,2050.748249492108,2065.3931195212976,2070.8994504554616,2068.892270243688,2073.7592899042784,2065.432840090089,2063.1563012365064,2070.2297483714256,2078.5470857627565,2074.814619777173,2076.4072238584163,2056.0621109202257,2046.3307154347149,2045.260177588068,2057.2180358417627,2079.4104939608487,2084.6106264908594,2083.508010019838,2083.610339905813,2092.4543614362847,2091.8959900011105,2093.0199160716734,2086.7818563802844,2104.4149795785315,2110.0832926602225,2122.180427931129,2110.877246231645,2105.793063096435,2110.43511161304,2123.9597358093424,2131.2798775923397,2130.769835359556,2132.864127677487,2143.0572995218017,2157.588821587692,2160.020948574306,2163.879247101718,2161.1448003426253,2172.4755609961057,2175.9324162679427
