STATEFIPS,STATE,zipcode,agi_stub,N1,mars1,MARS2,MARS4,PREP,N2,NUMDEP,TOTAL_VITA,VITA,TCE,A00100,N02650,A02650,N00200,A00200,N00300,A00300,N00600,A00600,N00650,A00650,N00700,A00700,N00900,A00900,N01000,A01000,N01400,A01400,N01700,A01700,SCHF,N02300,A02300,N02500,A02500,N26270,A26270,N02900,A02900,N03220,A03220,N03300,A03300,N03270,A03270,N03150,A03150,N03210,A03210,N03230,A03230,N03240,A03240,N04470,A04470,A00101,N18425,A18425,N18450,A18450,N18500,A18500,N18300,A18300,N19300,A19300,N19700,A19700,N04800,A04800,N05800,A05800,N09600,A09600,N05780,A05780,N07100,A07100,N07300,A07300,N07180,A07180,N07230,A07230,N07240,A07240,N07220,A07220,N07260,A07260,N09400,A09400,N85770,A85770,N85775,A85775,N09750,A09750,N10600,A10600,N59660,A59660,N59720,A59720,N11070,A11070,N10960,A10960,N11560,A11560,N06500,A06500,N10300,A10300,N85530,A85530,N85300,A85300,N11901,A11901,N11902,A11902
37,NC,27006,1,1950,1400,330,190,1000,2230,460,80,50,30,22113,1950,22725,1340,14745,470,436,370,703,340,479,80,63,290,1751,280,246,220,1421,400,3526,30,50,230,130,270,60,-66,370,612,0,0,0,0,60,250,0,0,60,59,20,57,0,0,200,3406,2741,80,93,100,53,150,346,200,527,110,802,150,330,840,4595,800,473,0,0,30,11,180,46,30,1,0,0,50,21,70,11,30,11,0,0,260,346,90,388,90,400,80,7,1640,2824,450,926,360,779,190,237,60,51,50,13,720,427,960,801,0,0,0,0,240,178,1500,2180
37,NC,27006,2,1170,540,430,150,630,2140,540,60,40,20,43035,1170,43662,880,28703,450,429,280,1127,270,806,210,146,160,1255,220,667,230,2241,370,6039,20,40,128,370,2749,60,41,240,627,40,9,0,0,40,194,30,106,70,78,0,0,0,0,320,5508,12608,240,539,70,61,280,577,320,1248,200,1168,270,787,1130,21673,1110,2546,0,0,40,23,410,309,50,2,50,18,60,54,160,29,200,193,30,11,120,272,70,311,60,244,70,12,1120,4394,200,353,150,278,140,174,40,30,20,17,970,2238,1020,2565,0,0,0,0,230,285,890,2066
37,NC,27006,3,900,240,560,70,540,1990,530,0,0,0,55786,900,56617,700,36336,450,454,300,1572,280,1073,310,254,150,1243,250,720,200,3140,320,7102,30,40,132,300,5019,90,666,250,831,40,9,0,0,50,228,30,176,70,64,0,0,0,0,420,7812,26257,360,973,60,61,390,811,420,1921,310,2138,370,1355,890,34696,890,4624,0,0,30,75,390,490,80,8,50,21,70,91,80,14,220,342,20,14,120,291,0,0,40,168,40,19,880,5686,0,0,0,0,40,38,60,51,0,0,850,4134,860,4489,0,0,0,0,270,500,590,1617
37,NC,27006,4,740,120,590,30,460,1830,500,0,0,0,64070,740,64795,580,40616,420,497,290,1637,270,1158,340,321,140,1573,250,1124,200,3894,290,8014,0,0,0,270,5667,80,771,230,725,40,11,30,302,20,113,30,189,80,86,0,0,0,0,430,9093,37820,390,1552,40,45,420,839,430,2548,350,2643,390,1775,740,43988,730,6102,0,0,0,0,340,494,90,7,50,24,80,105,0,0,200,320,30,6,100,321,0,0,0,0,0,0,730,6795,0,0,0,0,0,0,70,62,0,0,720,5607,730,5981,0,0,0,0,250,671,470,1417
37,NC,27006,5,1250,110,1100,40,760,3460,1110,0,0,0,170291,1250,172485,1060,114973,830,924,630,4905,610,3681,790,1004,250,4607,540,5154,310,9355,450,16409,30,20,87,360,8852,210,4690,460,2194,80,20,0,0,90,667,60,384,100,83,40,89,0,0,1070,26958,147837,1020,6881,40,73,1040,2747,1070,10060,910,7930,1000,5332,1250,127381,1240,21499,40,96,0,0,630,771,210,34,120,61,150,217,0,0,270,372,60,17,190,719,0,0,0,0,0,0,1240,22232,0,0,0,0,0,0,150,137,0,0,1240,20729,1240,21656,0,0,0,0,520,2339,660,2551
37,NC,27006,6,520,50,460,0,400,1430,450,0,0,0,206315,520,209399,450,128372,430,1522,380,10084,370,7747,240,677,120,5574,370,18448,130,6194,160,5832,0,0,0,130,3499,200,24620,200,3084,0,0,30,683,80,733,0,0,0,0,0,0,40,659,510,27996,203870,500,11648,0,0,500,2327,510,14255,390,4894,490,8323,520,174534,520,45996,290,1493,0,0,240,425,190,256,30,16,0,0,0,0,0,0,0,0,120,909,0,0,0,0,0,0,520,43413,0,0,0,0,0,0,0,0,0,0,520,45334,520,47657,250,489,310,805,270,7237,170,1691
37,NC,27007,1,320,170,100,50,190,540,170,30,30,0,4245,320,4308,270,3469,50,8,0,0,0,0,0,0,50,274,20,5,0,0,50,358,30,20,52,0,0,0,0,50,63,0,0,0,0,20,101,0,0,0,0,0,0,0,0,0,0,0,0,0,0,0,0,0,0,0,0,0,0,0,130,694,140,78,0,0,0,0,30,14,0,0,0,0,20,17,0,0,0,0,0,0,40,50,30,146,40,184,30,3,280,669,110,282,100,245,70,88,0,0,0,0,120,64,160,118,0,0,0,0,30,15,270,566
37,NC,27007,2,220,80,120,40,140,490,150,0,0,0,8218,220,8327,200,6870,60,34,40,34,40,34,40,32,40,193,30,95,50,476,40,617,0,0,0,60,291,20,56,60,109,20,5,0,0,0,0,0,0,0,0,0,0,0,0,50,879,1872,40,75,0,0,40,65,50,157,30,162,40,152,210,3867,210,455,0,0,0,0,100,78,0,0,30,11,0,0,60,11,70,55,0,0,40,57,0,0,0,0,30,6,220,924,60,123,50,105,50,67,30,28,0,0,170,377,190,444,0,0,0,0,30,50,190,524
37,NC,27007,3,160,30,130,0,120,440,150,0,0,0,10199,160,10380,150,8203,70,42,30,37,30,32,50,46,30,254,20,58,0,0,60,1396,20,0,0,40,484,0,0,50,181,0,0,0,0,0,0,0,0,40,40,0,0,0,0,40,772,2689,40,111,0,0,40,48,40,168,30,217,30,150,160,6249,160,817,0,0,0,0,90,131,0,0,0,0,20,30,20,3,70,107,0,0,20,60,0,0,0,0,0,0,160,1086,0,0,0,0,0,0,0,0,0,0,160,686,160,784,0,0,0,0,30,73,140,365
37,NC,27007,4,80,0,70,0,60,230,70,0,0,0,6892,80,6932,70,5535,40,8,20,28,20,34,40,35,30,403,30,166,30,705,0,0,20,0,0,30,678,20,337,20,40,0,0,0,0,0,0,0,0,0,0,0,0,0,0,40,636,3280,40,149,0,0,40,45,40,201,30,189,30,160,80,4846,80,671,0,0,0,0,40,65,0,0,20,12,0,0,0,0,40,56,0,0,30,92,0,0,0,0,0,0,80,753,0,0,0,0,0,0,0,0,0,0,80,607,80,646,0,0,0,0,20,69,60,175
37,NC,27007,5,80,0,80,0,60,230,70,0,0,0,10278,80,10390,70,6685,40,19,20,13,20,15,50,69,0,0,0,0,0,0,20,880,0,0,0,0,0,0,0,30,112,0,0,0,0,0,0,0,0,0,0,0,0,0,0,50,1101,7233,50,320,0,0,50,95,50,429,50,337,40,225,80,7540,80,1250,0,0,0,0,40,67,0,0,0,0,0,0,0,0,30,29,0,0,0,0,0,0,0,0,0,0,80,1285,0,0,0,0,0,0,0,0,0,0,80,1183,80,1280,0,0,0,0,30,158,50,169
37,NC,27007,6,0,0,0,0,0,0,0,0,0,0,0,0,0,0,0,0,0,0,0,0,0,0,0,0,0,0,0,0,0,0,0,0,0,0,0,0,0,0,0,0,0,0,0,0,0,0,0,0,0,0,0,0,0,0,0,0,0,0,0,0,0,0,0,0,0,0,0,0,0,0,0,0,0,0,0,0,0,0,0,0,0,0,0,0,0,0,0,0,0,0,0,0,0,0,0,0,0,0,0,0,0,0,0,0,0,0,0,0,0,0,0,0,0,0,0,0,0,0,0,0,0,0,0
37,NC,27009,1,390,260,70,60,190,540,150,0,0,0,4783,390,4900,280,3217,80,29,40,31,40,23,0,0,70,512,40,42,30,168,70,644,0,0,0,0,0,0,0,70,117,0,0,0,0,0,0,0,0,20,16,0,0,0,0,30,475,457,0,0,0,0,0,0,30,56,0,0,0,0,160,897,160,105,0,0,20,17,40,13,0,0,0,0,0,0,0,0,0,0,0,0,60,88,40,170,40,190,0,0,350,759,130,309,120,258,70,84,0,0,0,0,130,92,190,187,0,0,0,0,30,35,330,595
37,NC,27009,2,290,130,100,50,150,550,170,0,0,0,10673,290,10830,250,8372,80,89,40,114,40,80,60,38,60,527,50,44,30,308,60,947,30,40,165,70,407,40,187,80,157,30,7,0,0,30,172,0,0,0,0,0,0,0,0,80,1174,2961,80,126,30,27,80,117,80,230,70,429,80,209,280,5485,280,675,0,0,0,0,130,98,0,0,0,0,50,39,90,16,70,61,0,0,50,105,0,0,0,0,50,9,280,1199,70,130,50,93,60,67,40,32,0,0,230,577,250,691,0,0,0,0,40,73,250,578
37,NC,27009,3,220,60,140,30,120,510,160,0,0,0,13714,220,13899,200,11040,80,23,30,63,30,61,80,59,30,349,20,98,40,654,60,1100,0,0,0,50,769,0,0,60,185,0,0,0,0,0,0,0,0,30,23,0,0,0,0,100,1589,6470,100,280,0,0,90,150,100,459,90,600,90,226,220,8809,220,1210,0,0,0,0,90,139,0,0,50,25,0,0,0,0,70,104,0,0,30,63,0,0,0,0,0,0,220,1486,0,0,0,0,0,0,0,0,0,0,210,1071,210,1147,0,0,0,0,50,139,160,475
37,NC,27009,4,160,20,130,0,100,420,130,0,0,0,14006,160,14120,150,11481,70,23,40,74,40,46,80,74,40,378,30,139,0,0,40,976,0,0,0,30,641,0,0,40,114,0,0,0,0,20,186,0,0,0,0,0,0,0,0,90,1645,7544,90,348,0,0,80,146,90,513,70,523,70,295,160,9779,160,1393,0,0,0,0,70,135,0,0,0,0,40,42,0,0,50,96,0,0,30,63,0,0,0,0,0,0,160,1596,0,0,0,0,0,0,30,26,0,0,160,1258,160,1338,0,0,0,0,50,118,120,371
37,NC,27009,5,190,30,170,0,100,510,160,0,0,0,24599,190,24857,180,20217,110,35,70,286,60,245,130,163,40,516,50,389,30,571,70,1722,0,0,0,40,962,20,532,60,258,0,0,0,0,0,0,0,0,20,22,0,0,0,0,150,3780,20614,150,1030,0,0,150,371,150,1466,140,1208,140,631,190,18384,190,3116,20,113,0,0,90,109,50,5,20,13,0,0,0,0,50,63,0,0,30,89,0,0,0,0,0,0,190,3334,0,0,0,0,0,0,0,0,0,0,190,3007,190,3133,0,0,0,0,70,248,130,739
37,NC,27009,6,50,0,30,0,40,110,30,0,0,0,15438,50,15844,40,7839,30,78,30,181,30,127,0,0,0,0,30,1163,0,0,0,0,0,0,0,0,0,20,4046,20,406,0,0,0,0,0,0,0,0,0,0,0,0,0,0,40,1999,14300,40,1048,0,0,40,172,40,1244,30,331,40,309,50,13072,50,3471,0,0,0,0,20,45,0,0,0,0,0,0,0,0,0,0,0,0,0,0,0,0,0,0,0,0,50,3540,0,0,0,0,0,0,0,0,0,0,40,3341,50,3452,0,0,0,0,30,601,0,0
37,NC,27011,1,990,590,190,200,610,1580,550,50,50,0,12491,990,12734,760,9591,170,95,60,106,60,73,0,0,180,1375,80,62,80,486,140,1020,30,30,73,50,66,20,4,180,243,0,0,0,0,30,143,0,0,0,0,0,0,0,0,40,601,634,0,0,20,12,30,55,40,88,20,115,30,76,380,2286,380,254,0,0,40,32,110,33,0,0,0,0,0,0,50,8,40,12,0,0,160,213,50,227,50,239,80,8,900,2139,370,947,320,816,250,318,30,22,30,6,330,220,490,447,0,0,0,0,100,73,840,1751
37,NC,27011,2,610,240,250,100,370,1200,340,30,30,0,21547,610,21745,530,17358,150,110,50,139,50,122,80,59,80,289,60,213,70,626,110,1928,40,30,71,140,840,0,0,110,198,20,5,0,0,0,0,0,0,40,31,0,0,0,0,90,1315,3321,80,116,30,28,80,137,90,283,60,269,80,251,590,10626,580,1261,0,0,0,0,260,182,0,0,0,0,40,34,130,33,130,115,0,0,60,104,20,89,30,106,80,17,600,2410,130,274,100,214,100,139,20,18,0,0,490,1079,530,1218,0,0,0,0,70,84,530,1285
37,NC,27011,3,340,60,260,30,250,850,250,0,0,0,21173,340,21469,310,16128,140,86,70,169,60,126,90,82,70,279,60,276,60,804,100,2047,40,0,0,100,1443,40,308,100,296,40,8,0,0,30,163,30,140,40,37,0,0,0,0,110,1840,6645,100,266,20,26,100,199,110,494,80,469,90,373,340,13195,340,1720,0,0,0,0,170,225,0,0,40,18,70,73,50,8,100,152,40,12,70,181,0,0,0,0,0,0,340,2159,0,0,0,0,0,0,50,41,0,0,330,1496,340,1668,0,0,0,0,80,170,250,657
37,NC,27011,4,190,30,160,0,140,500,150,0,0,0,16229,190,16392,160,11634,100,75,60,129,50,106,80,84,30,35,50,276,30,492,70,1972,20,0,0,50,1193,0,0,50,163,0,0,0,0,0,0,0,0,0,0,0,0,0,0,90,1586,7561,80,318,0,0,90,158,90,510,70,469,80,460,190,11396,190,1574,0,0,0,0,90,133,40,2,20,9,0,0,0,0,70,101,0,0,0,0,0,0,0,0,0,0,190,1765,0,0,0,0,0,0,0,0,0,0,190,1442,190,1490,0,0,0,0,60,152,130,415
37,NC,27011,5,130,0,120,0,90,360,130,0,0,0,16182,130,16669,110,10952,100,148,70,333,70,268,90,130,30,648,60,1047,30,581,70,2136,20,0,0,40,969,30,1396,50,487,0,0,0,0,0,0,0,0,0,0,0,0,0,0,100,2187,12495,90,604,0,0,110,265,100,856,90,595,90,660,130,12159,130,1939,0,0,0,0,70,77,0,0,0,0,30,34,0,0,30,33,0,0,30,237,0,0,0,0,0,0,130,2120,0,0,0,0,0,0,30,22,0,0,130,1863,130,1985,0,0,0,0,60,617,90,347
37,NC,27011,6,20,0,20,0,20,60,0,0,0,0,8676,20,8676,20,3126,0,0,0,0,0,0,0,0,0,0,0,0,0,0,0,0,0,0,0,0,0,0,0,0,0,0,0,0,0,0,0,0,0,0,0,0,0,0,0,20,917,7618,20,484,0,0,0,0,20,544,0,0,20,225,20,7550,20,1919,0,0,0,0,0,0,0,0,0,0,0,0,0,0,0,0,0,0,0,0,0,0,0,0,0,0,20,1869,0,0,0,0,0,0,0,0,0,0,20,1916,20,2119,0,0,0,0,0,0,0,0
37,NC,27012,1,3870,2810,530,470,1720,4580,1180,160,110,50,43972,3870,44852,2850,31366,800,519,580,1008,530,671,140,102,550,3230,480,398,350,2222,630,5551,0,110,397,230,498,100,15,690,880,20,4,0,0,70,234,20,56,140,129,80,164,0,0,350,5542,4897,130,133,180,97,270,520,340,830,200,1183,280,591,1620,9130,1580,976,0,0,110,37,410,133,30,0,20,6,140,67,160,26,80,30,0,0,470,549,250,1162,250,1169,170,17,3340,5829,970,2102,810,1837,520,650,200,158,120,64,1340,843,1790,1451,0,0,0,0,420,302,3060,4671
37,NC,27012,2,2330,1100,770,380,1130,4310,1230,110,80,30,85141,2330,86572,1890,63413,770,563,450,1421,420,947,380,293,330,2492,400,1113,350,3838,560,8739,50,90,387,540,4047,110,326,580,1431,80,19,30,243,80,317,60,296,220,232,0,0,0,0,620,9765,24184,480,887,130,100,530,940,620,2014,440,2592,510,1441,2230,43732,2190,5288,0,0,100,76,860,698,80,3,110,59,160,155,330,70,430,383,30,18,230,519,130,598,140,668,130,25,2240,9080,450,875,360,704,340,476,130,103,50,38,1850,4590,1990,5186,0,0,0,0,390,555,1870,4384
37,NC,27012,3,1770,540,1020,170,970,3960,1160,0,0,0,110322,1770,111815,1440,76312,830,726,530,1843,500,1256,640,542,290,2588,430,1315,330,4477,590,13610,0,50,188,540,8671,130,1271,540,1493,80,20,0,0,60,366,70,345,180,209,30,65,0,0,850,14580,52977,750,2089,80,85,780,1478,840,3836,680,4471,730,2527,1760,69902,1750,9474,0,0,30,46,760,1070,120,6,130,73,190,242,110,20,460,691,40,11,210,540,40,178,50,219,50,17,1750,11464,0,0,0,0,90,119,140,133,0,0,1680,8403,1710,9033,0,0,0,0,470,921,1250,3201
37,NC,27012,4,1410,220,1110,70,760,3750,1240,0,0,0,122660,1410,124160,1220,88475,760,529,510,2004,470,1586,700,692,290,2954,410,1766,280,5443,450,12726,0,30,122,360,7600,120,1489,500,1500,80,19,0,0,50,305,60,314,190,183,0,0,0,0,890,16642,77786,850,3401,40,47,850,1706,890,5386,770,5386,810,2949,1410,84781,1410,11973,0,0,30,60,710,1233,110,7,150,85,180,246,0,0,500,855,50,29,230,586,0,0,30,90,30,28,1400,13383,0,0,0,0,0,0,140,129,0,0,1390,10739,1400,11458,0,0,0,0,410,1013,960,2862
37,NC,27012,5,2410,190,2120,100,1280,6850,2320,0,0,0,329538,2410,332987,2150,245756,1510,1382,1130,6626,1070,5135,1500,1714,480,7414,950,6997,480,12024,780,27733,40,60,238,560,13397,330,7513,880,3449,160,41,40,502,110,693,100,577,260,262,70,120,40,270,2030,47808,281417,1970,13421,50,75,1950,4914,2020,19027,1770,14008,1890,9508,2410,249736,2410,42754,50,109,0,0,1190,1492,330,70,290,138,300,416,0,0,520,686,100,50,360,1263,0,0,0,0,0,0,2400,43997,0,0,0,0,0,0,290,263,0,0,2400,41263,2400,42935,0,0,0,0,1010,4177,1300,4832
37,NC,27012,6,820,50,760,0,540,2480,900,0,0,0,319636,820,323517,770,219103,660,1637,560,9694,540,7326,390,859,180,6214,540,21041,140,7826,190,9299,0,0,0,120,2810,250,41405,290,3881,40,9,40,945,90,1028,0,0,0,0,0,0,0,0,810,37319,316497,810,17286,0,0,790,3276,810,20929,660,7318,770,9689,820,275286,820,73734,430,1912,0,0,350,459,260,219,80,39,0,0,0,0,0,0,30,11,170,1037,0,0,0,0,0,0,810,68593,0,0,0,0,0,0,0,0,0,0,820,72987,820,75939,430,696,440,956,460,10741,290,2208
37,NC,27013,1,1140,720,190,200,600,1700,560,70,40,30,13980,1140,14300,880,10526,160,68,80,120,80,69,30,14,190,1252,60,82,70,392,170,1447,50,40,92,50,100,20,181,200,320,0,0,0,0,30,87,0,0,20,19,0,0,0,0,70,1017,1109,30,28,30,19,60,85,70,143,40,223,60,165,470,2652,470,282,0,0,20,7,110,31,0,0,20,8,20,10,50,6,40,12,0,0,170,235,50,225,50,223,70,7,1030,2385,420,1090,380,955,250,324,50,38,30,15,400,251,560,504,0,0,0,0,120,104,950,1979
37,NC,27013,2,700,310,250,130,400,1460,510,0,0,0,25349,700,25581,620,20803,140,61,60,98,60,62,80,50,90,689,50,146,60,562,140,1774,0,40,240,110,665,20,332,140,232,20,5,0,0,30,96,40,166,40,34,0,0,0,0,110,1727,4115,90,153,40,30,80,99,110,276,70,417,80,252,680,12561,670,1522,0,0,30,31,280,218,0,0,0,0,40,32,120,20,170,156,0,0,70,167,40,157,50,200,90,17,690,2861,180,358,140,294,140,205,30,24,0,0,550,1304,590,1514,0,0,0,0,120,178,580,1517
37,NC,27013,3,400,90,270,50,270,1000,330,0,0,0,24859,400,25054,360,20021,140,117,70,158,60,95,110,86,60,522,60,203,40,526,110,1929,20,40,156,70,1062,40,574,90,195,0,0,0,0,0,0,0,0,30,29,0,0,0,0,130,1953,7934,110,325,0,0,120,153,130,510,100,560,100,443,400,15833,400,2137,0,0,0,0,180,264,30,1,20,7,60,66,40,5,120,187,30,11,50,117,0,0,0,0,30,12,400,2611,0,0,0,0,20,25,50,43,0,0,380,1872,390,2015,0,0,0,0,100,215,300,788
37,NC,27013,4,200,30,180,0,130,570,190,0,0,0,17621,200,17773,190,14390,80,101,40,109,40,61,100,86,30,50,40,191,30,514,50,1138,30,0,0,40,735,0,0,60,152,30,8,0,0,20,111,0,0,20,22,0,0,0,0,100,1747,8214,90,370,0,0,90,151,100,541,80,542,80,414,200,12301,200,1724,0,0,0,0,100,164,30,2,30,12,0,0,0,0,80,140,0,0,20,24,0,0,0,0,0,0,200,1985,0,0,0,0,0,0,0,0,0,0,200,1560,200,1603,0,0,0,0,50,115,150,485
37,NC,27013,5,210,0,210,0,160,610,220,0,0,0,26437,210,26804,210,23806,130,110,60,232,60,166,120,148,40,190,60,631,40,1562,70,2391,40,0,0,40,762,40,1626,90,367,0,0,0,0,0,0,0,0,30,34,0,0,0,0,180,5106,30662,180,1485,0,0,180,340,180,1886,150,1255,170,1033,210,19679,230,4906,0,0,0,0,110,150,0,0,0,0,30,45,0,0,60,76,0,0,30,86,0,0,0,0,0,0,220,4239,0,0,0,0,0,0,30,30,0,0,230,4751,230,4982,0,0,0,0,100,649,120,446
37,NC,27013,6,20,0,0,0,0,50,0,0,0,0,9725,20,9725,0,0,0,0,0,0,0,0,0,0,0,0,0,0,0,0,0,0,0,0,0,0,0,0,0,0,0,0,0,0,0,0,0,0,0,0,0,0,0,0,0,0,0,0,0,0,0,0,0,0,0,0,0,0,0,0,20,8267,0,0,0,0,0,0,0,0,0,0,0,0,0,0,0,0,0,0,0,0,0,0,0,0,0,0,0,0,0,0,0,0,0,0,0,0,0,0,0,0,0,0,0,0,0,0,0,0,0,0,0,0
37,NC,27016,1,250,150,60,30,170,380,110,0,0,0,3091,250,3128,180,2132,70,27,30,19,40,20,0,0,50,171,40,110,40,253,50,530,30,0,0,20,84,0,0,60,37,0,0,0,0,0,0,0,0,0,0,0,0,0,0,30,458,748,0,0,0,0,20,28,30,55,0,0,0,0,100,480,100,52,0,0,0,0,30,6,0,0,0,0,0,0,0,0,0,0,0,0,60,66,20,122,20,128,0,0,220,472,90,223,80,190,40,59,0,0,0,0,90,46,140,95,0,0,0,0,40,42,210,398
37,NC,27016,2,160,60,70,40,110,360,130,0,0,0,5943,160,5970,140,4725,50,30,20,18,0,0,0,0,20,141,0,0,0,0,40,668,0,0,0,30,193,0,0,20,27,0,0,0,0,0,0,0,0,0,0,0,0,0,0,0,0,0,0,0,0,0,0,0,0,0,0,0,0,0,160,2886,160,346,0,0,0,0,70,49,0,0,0,0,0,0,50,10,40,30,0,0,0,0,0,0,0,0,30,6,160,687,40,87,30,78,40,49,0,0,0,0,120,297,130,326,0,0,0,0,0,0,150,384
37,NC,27016,3,140,30,100,0,100,340,100,0,0,0,8238,140,8297,120,5916,60,9,50,68,40,56,40,33,50,258,40,163,40,516,50,1170,40,0,0,40,552,0,0,30,59,0,0,0,0,0,0,0,0,0,0,0,0,0,0,30,362,1529,40,80,0,0,20,29,30,99,60,353,60,168,140,5274,140,687,0,0,0,0,60,78,0,0,0,0,40,45,0,0,40,62,0,0,30,53,0,0,0,0,0,0,140,852,0,0,0,0,0,0,40,30,0,0,130,610,130,660,0,0,0,0,50,96,100,254
37,NC,27016,4,70,0,60,0,50,170,50,0,0,0,5602,70,5692,60,4296,30,7,0,0,0,0,30,28,0,0,0,0,0,0,30,644,0,0,0,30,532,0,0,30,90,0,0,0,0,0,0,0,0,0,0,0,0,0,0,20,417,1824,20,72,0,0,20,25,20,101,0,0,0,0,70,3947,70,544,0,0,0,0,30,46,0,0,0,0,0,0,0,0,30,46,0,0,0,0,0,0,0,0,0,0,60,619,0,0,0,0,0,0,0,0,0,0,60,498,70,524,0,0,0,0,0,0,50,149
37,NC,27016,5,60,0,50,0,40,150,50,0,0,0,8325,60,8325,50,5327,40,15,30,81,20,37,20,23,0,0,30,167,0,0,20,1177,0,0,0,0,0,0,0,0,0,0,0,0,0,0,0,0,0,0,0,0,0,0,0,40,797,6026,40,263,0,0,30,75,40,348,30,172,30,148,60,6734,60,1240,0,0,0,0,30,31,0,0,0,0,0,0,0,0,0,0,0,0,0,0,0,0,0,0,0,0,50,1210,0,0,0,0,0,0,0,0,0,0,60,1208,60,1291,0,0,0,0,20,120,30,127
37,NC,27016,6,0,0,0,0,0,0,0,0,0,0,0,0,0,0,0,0,0,0,0,0,0,0,0,0,0,0,0,0,0,0,0,0,0,0,0,0,0,0,0,0,0,0,0,0,0,0,0,0,0,0,0,0,0,0,0,0,0,0,0,0,0,0,0,0,0,0,0,0,0,0,0,0,0,0,0,0,0,0,0,0,0,0,0,0,0,0,0,0,0,0,0,0,0,0,0,0,0,0,0,0,0,0,0,0,0,0,0,0,0,0,0,0,0,0,0,0,0,0,0,0,0,0,0
37,NC,27017,1,1650,830,400,380,960,3040,1180,130,130,0,22167,1650,22523,1300,17052,270,141,80,112,70,79,40,23,290,2122,90,189,100,616,200,1824,30,40,113,80,136,30,146,290,356,20,5,0,0,30,122,0,0,0,0,0,0,0,0,60,855,888,20,15,30,15,40,60,60,96,30,172,40,82,630,3615,640,404,0,0,40,13,190,56,0,0,0,0,30,14,90,17,70,23,0,0,260,387,90,387,90,423,160,19,1510,3834,600,1677,540,1450,520,718,50,35,50,20,530,347,820,765,0,0,0,0,160,154,1400,3227
37,NC,27017,2,970,310,450,190,620,2360,940,70,70,0,34531,970,34855,860,28384,210,120,70,167,70,92,90,80,150,1286,80,90,70,591,150,2776,40,40,91,160,971,30,178,170,324,0,0,0,0,20,112,0,0,50,27,0,0,0,0,130,1976,5113,100,171,30,22,110,146,130,361,90,550,110,372,920,15167,920,1804,0,0,40,42,470,339,0,0,40,14,40,29,180,38,300,251,40,16,110,254,50,232,60,284,140,29,950,3831,250,524,210,419,280,453,30,25,0,0,670,1465,780,1760,0,0,0,0,120,225,840,2294
37,NC,27017,3,470,60,370,50,330,1280,440,0,0,0,29269,470,29610,430,22813,200,173,80,190,70,158,110,113,90,485,60,283,60,715,130,2952,30,30,67,110,1548,30,292,130,341,20,6,0,0,20,146,40,179,30,30,0,0,0,0,120,2000,7312,100,270,30,40,100,136,120,436,90,557,100,415,470,18036,470,2354,0,0,0,0,240,366,0,0,50,18,40,43,50,8,180,279,0,0,70,159,0,0,0,0,40,13,470,2815,0,0,0,0,30,39,30,25,0,0,440,1988,450,2182,0,0,0,0,110,260,350,875
37,NC,27017,4,280,30,240,0,190,750,230,0,0,0,23813,280,24026,250,17792,150,65,40,70,40,54,110,113,50,633,50,106,40,638,90,3046,20,0,0,80,1416,0,0,80,213,40,10,0,0,0,0,0,0,20,18,0,0,0,0,130,2412,11515,120,492,0,0,120,170,130,705,120,721,120,515,280,16677,280,2350,0,0,0,0,130,245,40,2,60,26,30,37,0,0,100,165,20,7,40,132,0,0,0,0,0,0,270,2695,0,0,0,0,0,0,30,22,0,0,270,2104,270,2269,0,0,0,0,90,219,180,630
37,NC,27017,5,200,0,180,0,130,550,170,0,0,0,25013,200,25544,180,17479,130,126,60,262,60,180,110,136,50,1375,50,832,40,2357,80,3356,30,0,0,60,1279,40,964,100,531,0,0,0,0,20,185,0,0,20,14,0,0,0,0,150,3303,18977,140,943,0,0,140,267,150,1246,140,978,140,951,200,18890,200,3095,0,0,0,0,100,137,0,0,0,0,20,33,0,0,50,75,0,0,40,133,0,0,0,0,0,0,200,3218,0,0,0,0,0,0,20,20,0,0,190,2963,200,3123,0,0,0,0,90,484,100,453
37,NC,27017,6,40,0,40,0,40,110,30,0,0,0,17594,40,17594,30,4656,40,168,20,1108,20,787,20,85,0,0,30,2924,0,0,0,0,0,0,0,0,0,20,4459,0,0,0,0,0,0,0,0,0,0,0,0,0,0,0,0,40,3927,16366,40,768,0,0,30,202,40,990,0,0,30,1210,40,13573,40,3463,0,0,0,0,0,0,0,0,0,0,0,0,0,0,0,0,0,0,0,0,0,0,0,0,0,0,40,3052,0,0,0,0,0,0,0,0,0,0,40,3450,40,3629,0,0,20,103,30,910,0,0
37,NC,27018,1,1240,780,260,180,710,1820,520,70,70,0,15423,1240,15671,920,10868,240,166,120,157,100,117,40,22,210,1321,110,122,130,828,230,1942,20,50,136,70,93,0,0,220,248,0,0,0,0,20,76,0,0,0,0,20,38,0,0,80,1023,1003,30,28,40,24,60,95,80,178,40,188,60,126,510,2921,510,317,0,0,30,12,150,43,0,0,30,11,20,11,80,14,40,14,0,0,180,233,70,368,70,365,80,9,1100,2386,420,1019,360,891,240,288,40,30,50,37,430,274,610,527,0,0,0,0,120,115,1020,1973
37,NC,27018,2,840,330,370,130,520,1750,540,40,40,0,30549,840,30922,700,23018,230,251,130,318,130,238,90,62,120,641,120,225,110,1034,210,3456,40,20,76,210,1422,50,322,170,373,40,8,0,0,20,140,0,0,60,47,0,0,0,0,140,2023,5290,110,190,30,27,120,171,140,406,90,434,110,377,800,14945,800,1766,0,0,40,63,330,246,30,1,0,0,30,24,170,41,180,167,30,7,100,225,50,237,60,294,70,13,820,3367,180,364,140,312,160,257,30,17,0,0,670,1521,720,1787,0,0,0,0,130,190,710,1760
